Protein_Name,Selection_Frequency,Selection_Count,Is_Selected
AGER,1.0,100,True
TNNI3,1.0,100,True
TNFRSF11B,1.0,100,True
WFDC2,1.0,100,True
NPPB,1.0,100,True
CEACAM5,1.0,100,True
ADAMTS13,1.0,100,True
LTBP2,1.0,100,True
NTproBNP,1.0,100,True
HAVCR1,1.0,100,True
SCGB1A1,1.0,100,True
ART3,1.0,100,True
MMP12,1.0,100,True
IGFBP7,1.0,100,True
MYLPF,0.99,99,True
NEFL,0.99,99,True
LPA,0.99,99,True
EDN1,0.99,99,True
TNR,0.99,99,True
BCAN,0.99,99,True
CLSTN2,0.98,98,True
B4GAT1,0.98,98,True
CELA2A,0.98,98,True
EGFR,0.98,98,True
COL1A1,0.98,98,True
CHRDL2,0.98,98,True
TMPRSS11B,0.97,97,True
PLA2G7,0.97,97,True
TP53INP1,0.97,97,True
TNFRSF4,0.97,97,True
GALNT2,0.97,97,True
CA8,0.96,96,True
ODAM,0.96,96,True
CA6,0.96,96,True
GAST,0.96,96,True
XPNPEP2,0.95,95,True
FAM171B,0.95,95,True
KLK13,0.95,95,True
MYBPC2,0.94,94,True
COL4A1,0.94,94,True
ACE2,0.93,93,True
EDA2R,0.93,93,True
GSN,0.93,93,True
AGR2,0.93,93,True
IL1RL2,0.92,92,True
TNXB,0.9,90,True
LRTM2,0.9,90,True
SFTPD,0.89,89,True
SH2D1A,0.89,89,True
ICOSLG,0.88,88,True
RAB6B,0.88,88,True
MSLN,0.88,88,True
DLGAP5,0.88,88,True
BLMH,0.87,87,True
C9,0.87,87,True
IL20,0.87,87,True
MSR1,0.87,87,True
PTPRB,0.86,86,True
SFRP4,0.86,86,True
MILR1,0.85,85,True
CNTN3,0.85,85,True
CEACAM6,0.85,85,True
SLIT2,0.85,85,True
COMP,0.85,85,True
GBP4,0.85,85,True
HRG,0.84,84,True
SERPINA1,0.84,84,True
IL32,0.84,84,True
HRC,0.83,83,True
CRYBB2,0.83,83,True
IZUMO1,0.83,83,True
CD3D,0.83,83,True
LEFTY2,0.83,83,True
DAND5,0.83,83,True
EPHA4,0.82,82,True
FCGR2B,0.82,82,True
MICB_MICA,0.82,82,True
CEACAM20,0.82,82,True
HMCN2,0.81,81,True
DKK4,0.81,81,True
INHBB,0.81,81,True
CELSR2,0.8,80,True
CRIM1,0.8,80,True
EPO,0.79,79,False
APLP1,0.79,79,False
RALB,0.79,79,False
F7,0.78,78,False
MXRA8,0.78,78,False
ITM2A,0.78,78,False
PLAT,0.77,77,False
CXCL17,0.77,77,False
ACVRL1,0.76,76,False
ICAM5,0.76,76,False
TNFSF12,0.76,76,False
APOE,0.76,76,False
LRRN1,0.76,76,False
PTPRM,0.75,75,False
LYVE1,0.75,75,False
ANGPT2,0.75,75,False
VWC2L,0.74,74,False
TCP11,0.74,74,False
CRISP3,0.74,74,False
PRSS22,0.73,73,False
PM20D1,0.73,73,False
ITGAM,0.73,73,False
CDCP1,0.73,73,False
GDF15,0.73,73,False
TFRC,0.73,73,False
MST1,0.72,72,False
ADGRE5,0.72,72,False
KYNU,0.71,71,False
PRL,0.71,71,False
PSMA1,0.71,71,False
ADAMTSL4,0.71,71,False
EPB41L5,0.7,70,False
HMOX1,0.7,70,False
TNC,0.7,70,False
CD302,0.69,69,False
CXCL14,0.69,69,False
TAP1,0.68,68,False
CD248,0.68,68,False
FGFR4,0.68,68,False
GP2,0.68,68,False
ADA2,0.68,68,False
BTNL10,0.67,67,False
GFOD2,0.67,67,False
NPR1,0.67,67,False
ECHDC3,0.67,67,False
AMOT,0.66,66,False
IGF2R,0.66,66,False
COL24A1,0.66,66,False
AMY2B,0.66,66,False
SDK2,0.66,66,False
ITGB2,0.66,66,False
LILRA5,0.65,65,False
AKR1B10,0.65,65,False
GAGE2A,0.65,65,False
PON1,0.64,64,False
SPINK4,0.64,64,False
SDC4,0.64,64,False
IL36G,0.64,64,False
CTNNA1,0.64,64,False
CD6,0.64,64,False
PRUNE2,0.64,64,False
CHGA,0.64,64,False
KIRREL1,0.64,64,False
FGF9,0.64,64,False
COL9A1,0.63,63,False
CD300LG,0.63,63,False
IMPG1,0.63,63,False
PLTP,0.63,63,False
SFTPA2,0.63,63,False
SEPTIN8,0.63,63,False
GALNT5,0.62,62,False
NOTCH3,0.62,62,False
EFNB2,0.62,62,False
ST6GAL1,0.62,62,False
NRCAM,0.62,62,False
CEACAM1,0.61,61,False
FGF23,0.61,61,False
FZD8,0.61,61,False
FGF19,0.61,61,False
TMED4,0.61,61,False
IL15,0.61,61,False
ARAF,0.6,60,False
AMIGO1,0.6,60,False
SCGB2A2,0.6,60,False
RGMA,0.6,60,False
C7,0.59,59,False
CLEC4C,0.59,59,False
DDC,0.59,59,False
APOC1,0.59,59,False
ATXN2L,0.59,59,False
WFIKKN1,0.58,58,False
CRNN,0.58,58,False
STEAP4,0.58,58,False
FGL1,0.58,58,False
CCL26,0.58,58,False
ORM1,0.58,58,False
POF1B,0.58,58,False
CD101,0.58,58,False
VWC2,0.58,58,False
PDGFC,0.58,58,False
FAM3B,0.57,57,False
PSG1,0.57,57,False
ITGB1BP1,0.57,57,False
BST1,0.57,57,False
CLIC5,0.57,57,False
ZNF174,0.57,57,False
GSTA3,0.57,57,False
FASLG,0.57,57,False
HPGDS,0.56,56,False
PTEN,0.56,56,False
CD8A,0.56,56,False
FCN1,0.56,56,False
CBLN1,0.56,56,False
LTB,0.56,56,False
FGFBP2,0.56,56,False
FCRLB,0.56,56,False
IVD,0.56,56,False
KLK6,0.56,56,False
NOTCH1,0.56,56,False
PBLD,0.56,56,False
KLK4,0.56,56,False
NPTXR,0.56,56,False
ASAH1,0.55,55,False
IFNW1,0.55,55,False
LILRB2,0.54,54,False
DSG3,0.54,54,False
AXL,0.54,54,False
STC1,0.54,54,False
TLR2,0.54,54,False
ENTPD6,0.54,54,False
IDI2,0.54,54,False
BPIFA2,0.54,54,False
GZMH,0.53,53,False
SELPLG,0.53,53,False
ERBB2,0.53,53,False
CPA2,0.53,53,False
WFIKKN2,0.53,53,False
CD34,0.53,53,False
ATRN,0.53,53,False
POMC,0.52,52,False
DDX39A,0.52,52,False
ADAMTS1,0.52,52,False
CTSH,0.52,52,False
NOMO1,0.52,52,False
TRAF3IP2,0.51,51,False
SLC9A3R2,0.51,51,False
CLEC3B,0.51,51,False
PLG,0.51,51,False
PADI2,0.51,51,False
ANGPTL3,0.51,51,False
ITGAV,0.51,51,False
RET,0.51,51,False
TNFRSF17,0.51,51,False
GID8,0.5,50,False
TPPP2,0.5,50,False
SAT1,0.5,50,False
SOST,0.5,50,False
NELL1,0.5,50,False
CR2,0.5,50,False
IL13RA2,0.49,49,False
DGCR6,0.49,49,False
VTCN1,0.49,49,False
REG1A,0.49,49,False
OPTC,0.49,49,False
CD3G,0.49,49,False
TMPRSS15,0.49,49,False
DSG4,0.49,49,False
ARNT,0.49,49,False
IGLC2,0.49,49,False
NTF3,0.49,49,False
ENOX2,0.48,48,False
AMBN,0.48,48,False
TSPAN1,0.48,48,False
FAS,0.48,48,False
NMI,0.48,48,False
PRG3,0.48,48,False
CCL25,0.48,48,False
NMRK2,0.48,48,False
ABCA2,0.48,48,False
KLK3,0.48,48,False
GIPR,0.48,48,False
LAMA1,0.48,48,False
ECSCR,0.47,47,False
MMP15,0.47,47,False
CBS,0.47,47,False
ITGAL,0.47,47,False
MAMDC4,0.47,47,False
SIL1,0.47,47,False
LILRA6,0.47,47,False
FGF20,0.47,47,False
PPL,0.47,47,False
SFRP1,0.47,47,False
SPINT2,0.47,47,False
CLINT1,0.47,47,False
ENPP5,0.46,46,False
ERCC1,0.46,46,False
CASQ2,0.46,46,False
NID2,0.46,46,False
GPIHBP1,0.46,46,False
LILRA3,0.46,46,False
PDE1C,0.46,46,False
UXS1,0.46,46,False
THRAP3,0.46,46,False
NPTN,0.46,46,False
C1QTNF6,0.46,46,False
C8B,0.46,46,False
IL34,0.46,46,False
SIRT5,0.46,46,False
IL10,0.46,46,False
SERPINC1,0.45,45,False
ENTPD2,0.45,45,False
PLAUR,0.45,45,False
PHOSPHO1,0.45,45,False
TMED1,0.45,45,False
SERPINB5,0.45,45,False
ERN1,0.45,45,False
MBL2,0.45,45,False
LCN15,0.45,45,False
IL3,0.45,45,False
NPHS2,0.45,45,False
ST3GAL1,0.45,45,False
TSHB,0.45,45,False
KIR2DL3,0.45,45,False
EGFL7,0.45,45,False
GALNT7,0.45,45,False
GZMA,0.45,45,False
KRT19,0.44,44,False
CCL8,0.44,44,False
RNASET2,0.44,44,False
SERPINA3,0.44,44,False
GHRL,0.44,44,False
NCAN,0.44,44,False
GCG,0.44,44,False
NADK,0.44,44,False
MOG,0.44,44,False
PILRB,0.44,44,False
CYP24A1,0.44,44,False
NTRK2,0.44,44,False
SOX2,0.44,44,False
TET2,0.44,44,False
IL25,0.44,44,False
MRPL52,0.44,44,False
SCGN,0.44,44,False
GRIN2B,0.44,44,False
KCNIP4,0.44,44,False
SUSD2,0.44,44,False
PTN,0.43,43,False
SPRR1B,0.43,43,False
MPO,0.43,43,False
PMCH,0.43,43,False
HK2,0.43,43,False
EDNRB,0.43,43,False
PDXDC1,0.43,43,False
CA4,0.43,43,False
PSMD5,0.43,43,False
COMMD9,0.43,43,False
ZCCHC8,0.43,43,False
NDST1,0.43,43,False
MAPT,0.43,43,False
IL1RAP,0.43,43,False
CKMT1A_CKMT1B,0.42,42,False
PGF,0.42,42,False
CLEC6A,0.42,42,False
DNPEP,0.42,42,False
FABP9,0.42,42,False
CRX,0.42,42,False
PDGFRB,0.42,42,False
CEBPB,0.42,42,False
LRTM1,0.42,42,False
TGFB2,0.42,42,False
HMGCS1,0.42,42,False
ROBO2,0.42,42,False
IL33,0.42,42,False
MMP3,0.42,42,False
PSCA,0.42,42,False
ADGRV1,0.42,42,False
KIR3DL2,0.42,42,False
PTPRH,0.42,42,False
GUSB,0.42,42,False
MED21,0.41,41,False
SHPK,0.41,41,False
MYL4,0.41,41,False
CNTNAP2,0.41,41,False
UMOD,0.41,41,False
PFDN6,0.41,41,False
CA11,0.41,41,False
TF,0.41,41,False
CD164L2,0.41,41,False
FGF6,0.41,41,False
HADH,0.41,41,False
HCG22,0.41,41,False
PAMR1,0.41,41,False
CCL24,0.41,41,False
CFHR5,0.41,41,False
CLSPN,0.41,41,False
IL12RB2,0.41,41,False
TP53,0.41,41,False
C1QA,0.41,41,False
MMP7,0.41,41,False
ENTPD5,0.41,41,False
NRXN3,0.4,40,False
OSTN,0.4,40,False
ITGB6,0.4,40,False
RIPK4,0.4,40,False
IL5RA,0.4,40,False
CREB3,0.4,40,False
IL9,0.4,40,False
LPO,0.4,40,False
CD33,0.4,40,False
CLEC7A,0.4,40,False
ADGRG2,0.4,40,False
SLC44A4,0.4,40,False
NCAM1,0.4,40,False
BST2,0.4,40,False
EDEM2,0.4,40,False
HEBP1,0.4,40,False
AREG,0.4,40,False
QPCT,0.39,39,False
PTPRS,0.39,39,False
TRIM40,0.39,39,False
MUC13,0.39,39,False
CDH3,0.39,39,False
GSTP1,0.39,39,False
CDC25A,0.39,39,False
LHB,0.39,39,False
ECM1,0.39,39,False
CD209,0.39,39,False
ASAH2,0.39,39,False
INSR,0.39,39,False
NUBP1,0.39,39,False
LILRB4,0.39,39,False
CD276,0.39,39,False
CPQ,0.39,39,False
BCAT2,0.39,39,False
IGDCC3,0.39,39,False
ATP5PO,0.39,39,False
AMIGO2,0.39,39,False
FGF7,0.39,39,False
CNTN1,0.39,39,False
ID4,0.39,39,False
KIF20B,0.39,39,False
HBZ,0.39,39,False
KHDC3L,0.39,39,False
HEG1,0.39,39,False
MUCL3,0.38,38,False
KCNH2,0.38,38,False
REG3G,0.38,38,False
PAPPA,0.38,38,False
CEP112,0.38,38,False
TEX33,0.38,38,False
RTKN2,0.38,38,False
RLN2,0.38,38,False
GH1,0.38,38,False
CPE,0.38,38,False
MEPE,0.38,38,False
DEFB4A_DEFB4B,0.38,38,False
SERPING1,0.38,38,False
IL13,0.38,38,False
IFIT1,0.38,38,False
GFAP,0.38,38,False
DNLZ,0.38,38,False
MEP1B,0.38,38,False
TNFRSF12A,0.38,38,False
GH2,0.38,38,False
CXCL12,0.38,38,False
KLK12,0.38,38,False
KRT14,0.38,38,False
OTOA,0.38,38,False
RGL2,0.38,38,False
RRM2,0.38,38,False
PRR4,0.38,38,False
PLB1,0.38,38,False
PTH1R,0.37,37,False
RASGRF1,0.37,37,False
RELB,0.37,37,False
EIF5A,0.37,37,False
MANSC4,0.37,37,False
RBM19,0.37,37,False
SERPINA12,0.37,37,False
ADIPOQ,0.37,37,False
FUOM,0.37,37,False
TPR,0.37,37,False
VSTM2B,0.37,37,False
TPP1,0.37,37,False
CDAN1,0.37,37,False
MUC16,0.37,37,False
FGF21,0.37,37,False
SCRN1,0.37,37,False
CCL7,0.37,37,False
ADGRG1,0.37,37,False
ATP6V1G2,0.37,37,False
SCN3A,0.37,37,False
SLK,0.37,37,False
S100A14,0.37,37,False
CYB5A,0.37,37,False
CGB3_CGB5_CGB8,0.37,37,False
CTRB1,0.37,37,False
CST6,0.37,37,False
CCN3,0.37,37,False
CXCL13,0.37,37,False
TGM2,0.36,36,False
LYPD8,0.36,36,False
AMY2A,0.36,36,False
AFP,0.36,36,False
SERPINA11,0.36,36,False
GAMT,0.36,36,False
VSTM2L,0.36,36,False
COL2A1,0.36,36,False
SHD,0.36,36,False
COPE,0.36,36,False
CLGN,0.36,36,False
CLUL1,0.36,36,False
CD2,0.36,36,False
TDGF1,0.36,36,False
NTF4,0.36,36,False
IL22,0.36,36,False
CHAD,0.36,36,False
IL6R,0.36,36,False
CAPN3,0.36,36,False
SUMF1,0.36,36,False
JMJD1C,0.36,36,False
KIAA1549,0.36,36,False
FAM171A2,0.36,36,False
TSPAN7,0.36,36,False
MSTN,0.36,36,False
KITLG,0.36,36,False
EGFLAM,0.36,36,False
PTK7,0.36,36,False
TOP1MT,0.35,35,False
COL4A4,0.35,35,False
RICTOR,0.35,35,False
PSPN,0.35,35,False
ITIH5,0.35,35,False
BCAM,0.35,35,False
MORN4,0.35,35,False
HGF,0.35,35,False
CES3,0.35,35,False
M6PR,0.35,35,False
DUOX2,0.35,35,False
SAG,0.35,35,False
NUDT15,0.35,35,False
DIPK1C,0.35,35,False
CEP164,0.35,35,False
NXPE4,0.35,35,False
CDC123,0.35,35,False
LAIR2,0.35,35,False
ADCYAP1R1,0.35,35,False
PSMD1,0.35,35,False
BTN1A1,0.35,35,False
SCIN,0.35,35,False
KIR3DL1,0.35,35,False
CCL19,0.35,35,False
FGF3,0.35,35,False
SERPINI1,0.35,35,False
MSLNL,0.35,35,False
EXTL1,0.35,35,False
F12,0.35,35,False
PTTG1,0.35,35,False
LMOD2,0.34,34,False
RUVBL1,0.34,34,False
ENPP6,0.34,34,False
DEFB103A_DEFB103B,0.34,34,False
KAZALD1,0.34,34,False
NECTIN1,0.34,34,False
GATA3,0.34,34,False
SHC1,0.34,34,False
KCNC4,0.34,34,False
REST,0.34,34,False
FHIP2A,0.34,34,False
IGLON5,0.34,34,False
FRMD7,0.34,34,False
SLIRP,0.34,34,False
EFCAB14,0.34,34,False
TREH,0.34,34,False
PTPN9,0.34,34,False
PXDNL,0.34,34,False
CD70,0.34,34,False
SPRR3,0.34,34,False
ZNF75D,0.34,34,False
TAGLN3,0.34,34,False
CST7,0.34,34,False
MDGA1,0.34,34,False
IGFL4,0.34,34,False
CX3CL1,0.34,34,False
TCL1B,0.34,34,False
SELL,0.34,34,False
HRAS,0.34,34,False
BCL7A,0.34,34,False
PGLYRP2,0.34,34,False
CHL1,0.34,34,False
GHRHR,0.34,34,False
CEND1,0.34,34,False
BCL7B,0.34,34,False
ANXA5,0.34,34,False
EXOSC10,0.34,34,False
ERBB4,0.34,34,False
UPK3A,0.34,34,False
SEZ6,0.34,34,False
FLT3,0.34,34,False
LYPLA2,0.34,34,False
DEFB116,0.34,34,False
CAPS,0.34,34,False
DEFB118,0.34,34,False
S100A16,0.34,34,False
TMEM106A,0.34,34,False
DLL4,0.34,34,False
ARG1,0.34,34,False
SIAE,0.34,34,False
GDNF,0.34,34,False
SCARB1,0.34,34,False
AOC1,0.34,34,False
ACHE,0.34,34,False
PPY,0.34,34,False
CSF2RB,0.34,34,False
EPPK1,0.33,33,False
CEACAM16,0.33,33,False
SEPTIN3,0.33,33,False
PLXDC2,0.33,33,False
REN,0.33,33,False
PNMA2,0.33,33,False
DPP4,0.33,33,False
VWA5A,0.33,33,False
XCL1,0.33,33,False
RANBP2,0.33,33,False
RAC3,0.33,33,False
SAP18,0.33,33,False
CD200R1,0.33,33,False
ANPEP,0.33,33,False
OMG,0.33,33,False
LELP1,0.33,33,False
GPC1,0.33,33,False
REG1B,0.33,33,False
RGS8,0.33,33,False
CEACAM18,0.33,33,False
ZPR1,0.33,33,False
KLK1,0.33,33,False
CRISP2,0.33,33,False
ITGAX,0.33,33,False
CRHR1,0.33,33,False
CPVL,0.33,33,False
GIP,0.33,33,False
SPOCK1,0.33,33,False
SMPD1,0.33,33,False
IL20RA,0.33,33,False
IL20RB,0.33,33,False
NELL2,0.33,33,False
NLGN2,0.33,33,False
FUCA1,0.33,33,False
FZD10,0.33,33,False
FGF16,0.33,33,False
FETUB,0.33,33,False
NRTN,0.33,33,False
TG,0.33,33,False
CCDC28A,0.33,33,False
CFHR4,0.33,33,False
IL24,0.33,33,False
IL31,0.33,33,False
LTA4H,0.33,33,False
LTA,0.33,33,False
MAG,0.33,33,False
AGBL2,0.33,33,False
IL5,0.33,33,False
PCDH12,0.33,33,False
CA14,0.33,33,False
DDX25,0.33,33,False
TSLP,0.33,33,False
CNTN2,0.33,33,False
PHLDB2,0.33,33,False
MN1,0.33,33,False
PITHD1,0.33,33,False
PLA2G2A,0.33,33,False
MELTF,0.33,33,False
TYRP1,0.33,33,False
COL9A2,0.33,33,False
FCN2,0.33,33,False
UPK3BL1,0.33,33,False
TXK,0.33,33,False
TRIM21,0.33,33,False
TRPV3,0.33,33,False
PTP4A3,0.32,32,False
RAP1A,0.32,32,False
FH,0.32,32,False
ESPL1,0.32,32,False
EPHA10,0.32,32,False
CNTN4,0.32,32,False
MRPL28,0.32,32,False
UBQLN3,0.32,32,False
CCDC134,0.32,32,False
LILRB1,0.32,32,False
CDKL5,0.32,32,False
TPRKB,0.32,32,False
MLN,0.32,32,False
MFAP3L,0.32,32,False
PLA2G1B,0.32,32,False
COL28A1,0.32,32,False
IL4,0.32,32,False
IL7R,0.32,32,False
HMMR,0.32,32,False
HNF1A,0.32,32,False
PRELP,0.32,32,False
RLN1,0.32,32,False
LMOD1,0.32,32,False
LIPF,0.32,32,False
FBN2,0.32,32,False
CSPG5,0.32,32,False
KLRC1,0.32,32,False
CST1,0.32,32,False
BGLAP,0.32,32,False
ASS1,0.32,32,False
SPINK5,0.32,32,False
IL1RL1,0.32,32,False
TMED10,0.32,32,False
DHODH,0.32,32,False
ACE,0.32,32,False
CPLX2,0.32,32,False
SHH,0.32,32,False
CADPS,0.32,32,False
S100A3,0.32,32,False
PCSK7,0.32,32,False
CTSV,0.32,32,False
GSTM4,0.32,32,False
NOP56,0.32,32,False
ART5,0.32,32,False
LSM8,0.32,32,False
DCLRE1C,0.32,32,False
RPGR,0.32,32,False
HJV,0.32,32,False
PPIE,0.32,32,False
SCT,0.32,32,False
SCGB3A1,0.32,32,False
ABO,0.32,32,False
H2AP,0.32,32,False
IL17F,0.32,32,False
IL11,0.32,32,False
CDON,0.32,32,False
CLPS,0.32,32,False
IL17D,0.32,32,False
MFAP3,0.32,32,False
PZP,0.32,32,False
DPEP1,0.32,32,False
GDF2,0.32,32,False
ARNTL,0.32,32,False
PNLIPRP2,0.32,32,False
C1RL,0.32,32,False
ARMCX2,0.32,32,False
PRSS27,0.32,32,False
KIR2DS4,0.32,32,False
KLHL41,0.32,32,False
KLB,0.32,32,False
FCAMR,0.32,32,False
LAMP1,0.32,32,False
AOC3,0.32,32,False
IL2,0.32,32,False
MASP1,0.32,32,False
NGF,0.32,32,False
CTAG1A_CTAG1B,0.32,32,False
GPR101,0.32,32,False
BSND,0.32,32,False
BSG,0.32,32,False
AGT,0.32,32,False
HIF1A,0.31,31,False
CHEK2,0.31,31,False
PCSK9,0.31,31,False
PRC1,0.31,31,False
PROS1,0.31,31,False
IL1A,0.31,31,False
IL2RB,0.31,31,False
HGFAC,0.31,31,False
NAAA,0.31,31,False
VEGFD,0.31,31,False
TPT1,0.31,31,False
ISM2,0.31,31,False
AMN,0.31,31,False
FGF12,0.31,31,False
LILRA4,0.31,31,False
REG3A,0.31,31,False
ALDH3A1,0.31,31,False
PTGR1,0.31,31,False
FCGR3B,0.31,31,False
BPIFB1,0.31,31,False
TXNDC15,0.31,31,False
ERC2,0.31,31,False
IDS,0.31,31,False
MYOM1,0.31,31,False
NPTX2,0.31,31,False
THSD1,0.31,31,False
LTO1,0.31,31,False
LRFN2,0.31,31,False
ACAN,0.31,31,False
THAP12,0.31,31,False
ARTN,0.31,31,False
KLK7,0.31,31,False
HDAC9,0.31,31,False
KIAA2013,0.31,31,False
HDAC8,0.31,31,False
SSBP1,0.31,31,False
PAEP,0.31,31,False
PCARE,0.31,31,False
PALLD,0.31,31,False
SORBS1,0.31,31,False
DKKL1,0.31,31,False
GGA1,0.31,31,False
HSD17B14,0.31,31,False
HTR1B,0.31,31,False
SIGLEC15,0.31,31,False
SLC34A3,0.31,31,False
CILP,0.31,31,False
DTX2,0.31,31,False
CA7,0.31,31,False
GFRA3,0.31,31,False
DGKZ,0.31,31,False
CASP4,0.31,31,False
CD177,0.31,31,False
GTF2IRD1,0.31,31,False
MAGEA3,0.31,31,False
TBR1,0.31,31,False
TCTN3,0.31,31,False
SNED1,0.31,31,False
SNX18,0.31,31,False
CEBPA,0.31,31,False
INSL4,0.31,31,False
CACNA1H,0.31,31,False
MAP1LC3A,0.31,31,False
GNAS,0.31,31,False
DBH,0.31,31,False
ADAMTSL5,0.31,31,False
C1QTNF5,0.31,31,False
PSMC3,0.31,31,False
PRR5,0.31,31,False
IL10RA,0.31,31,False
IL17C,0.31,31,False
IL17RB,0.31,31,False
ADAMTS8,0.31,31,False
KRT17,0.31,31,False
BHLHE40,0.31,31,False
IL21R,0.31,31,False
IL18RAP,0.31,31,False
GKN1,0.31,31,False
TMEM25,0.31,31,False
SCN2A,0.31,31,False
KLK14,0.31,31,False
CDHR5,0.31,31,False
CDHR1,0.31,31,False
CSH1,0.31,31,False
PPT1,0.31,31,False
JUN,0.31,31,False
GUCY2C,0.31,31,False
TNN,0.31,31,False
BATF,0.31,31,False
REXO2,0.31,31,False
DOCK9,0.31,31,False
TOP1,0.31,31,False
FUT1,0.31,31,False
GAD2,0.31,31,False
RANGAP1,0.31,31,False
ALPI,0.3,30,False
CES2,0.3,30,False
CGN,0.3,30,False
PDIA2,0.3,30,False
SMPDL3B,0.3,30,False
SMPDL3A,0.3,30,False
ITIH4,0.3,30,False
TP53BP1,0.3,30,False
VIPR1,0.3,30,False
MAP1LC3B2,0.3,30,False
TMEM132A,0.3,30,False
ZP4,0.3,30,False
TNFRSF13C,0.3,30,False
SMAD5,0.3,30,False
INPP5J,0.3,30,False
PGM2,0.3,30,False
IL22RA1,0.3,30,False
SLC51B,0.3,30,False
MLLT1,0.3,30,False
ZP3,0.3,30,False
IL31RA,0.3,30,False
CD82,0.3,30,False
ATP1B4,0.3,30,False
DCDC2C,0.3,30,False
KIT,0.3,30,False
KRT6C,0.3,30,False
CD4,0.3,30,False
KLK8,0.3,30,False
GLT8D2,0.3,30,False
GRIK2,0.3,30,False
CTRL,0.3,30,False
SCG3,0.3,30,False
GRP,0.3,30,False
GNLY,0.3,30,False
POLR2A,0.3,30,False
LY75,0.3,30,False
LYPD1,0.3,30,False
MERTK,0.3,30,False
MENT,0.3,30,False
PTPRC,0.3,30,False
ERVV.1,0.3,30,False
EVPL,0.3,30,False
PRKCQ,0.3,30,False
DDX53,0.3,30,False
F10,0.3,30,False
ATRAID,0.3,30,False
EIF1AX,0.3,30,False
GAL,0.3,30,False
GALNT3,0.3,30,False
GABARAP,0.3,30,False
FOLR3,0.3,30,False
GART,0.3,30,False
GHR,0.3,30,False
DIPK2B,0.3,30,False
B3GNT7,0.3,30,False
LRRC38,0.3,30,False
LRP2,0.3,30,False
PDRG1,0.3,30,False
POSTN,0.3,30,False
HEPACAM2,0.3,30,False
TJP3,0.3,30,False
NFATC3,0.3,30,False
NFKB2,0.3,30,False
TEK,0.3,30,False
BLOC1S2,0.3,30,False
NTRK3,0.3,30,False
LPL,0.3,30,False
CTLA4,0.3,30,False
CD207,0.3,30,False
LAYN,0.3,30,False
SH3GL3,0.3,30,False
CSF3,0.3,30,False
GUK1,0.3,30,False
PLCB1,0.3,30,False
PLXDC1,0.3,30,False
CST5,0.3,30,False
KDR,0.3,30,False
PRRT3,0.3,30,False
GAS2,0.3,30,False
GABRA4,0.3,30,False
GADD45B,0.3,30,False
FRZB,0.3,30,False
DNAJA1,0.3,30,False
OFD1,0.3,30,False
TARM1,0.3,30,False
ACTN4,0.3,30,False
SUSD5,0.3,30,False
CRH,0.3,30,False
IGFBP3,0.3,30,False
CBX2,0.3,30,False
MYL1,0.3,30,False
TPMT,0.3,30,False
TPPP3,0.3,30,False
MYH7B,0.3,30,False
HSD11B1,0.3,30,False
OGT,0.3,30,False
CNDP1,0.3,30,False
FCER1A,0.29,29,False
ARID3A,0.29,29,False
ITGA11,0.29,29,False
CEP350,0.29,29,False
APOA2,0.29,29,False
JCHAIN,0.29,29,False
TP73,0.29,29,False
MMP13,0.29,29,False
TMPRSS11D,0.29,29,False
BTLA,0.29,29,False
CGA,0.29,29,False
PGR,0.29,29,False
C1QTNF9,0.29,29,False
CLEC4A,0.29,29,False
IGSF21,0.29,29,False
IL6ST,0.29,29,False
IL1B,0.29,29,False
SLITRK1,0.29,29,False
SFTPA1,0.29,29,False
LAMP3,0.29,29,False
CLSTN1,0.29,29,False
HLA.DRA,0.29,29,False
NCLN,0.29,29,False
APOBR,0.29,29,False
CLEC4M,0.29,29,False
GSAP,0.29,29,False
MMP8,0.29,29,False
GPA33,0.29,29,False
LYPD3,0.29,29,False
CTHRC1,0.29,29,False
ST8SIA1,0.29,29,False
ATF2,0.29,29,False
CD3E,0.29,29,False
LEG1,0.29,29,False
CNTF,0.29,29,False
LIF,0.29,29,False
PINLYP,0.29,29,False
SH3BP1,0.29,29,False
SCP2,0.29,29,False
ANK2,0.29,29,False
GZMB,0.29,29,False
HBQ1,0.29,29,False
CRTAC1,0.29,29,False
ATP5F1D,0.29,29,False
CCL17,0.29,29,False
TRAF3,0.29,29,False
IGFBP1,0.29,29,False
OMP,0.29,29,False
HSP90B1,0.29,29,False
CNGB3,0.29,29,False
HTR1A,0.29,29,False
PI3,0.29,29,False
CCL2,0.29,29,False
UNC79,0.29,29,False
RAB3GAP1,0.29,29,False
UHRF2,0.29,29,False
PRSS53,0.29,29,False
LRP2BP,0.29,29,False
TSPAN15,0.29,29,False
TSPAN8,0.29,29,False
MUC2,0.29,29,False
GABARAPL1,0.29,29,False
RBM25,0.29,29,False
TXNL1,0.29,29,False
RNF43,0.29,29,False
RYR1,0.29,29,False
RRP15,0.29,29,False
ESR1,0.29,29,False
EPCAM,0.29,29,False
F3,0.29,29,False
ACRV1,0.28,28,False
RASA1,0.28,28,False
AMBP,0.28,28,False
ENPP7,0.28,28,False
ENPP2,0.28,28,False
ENPEP,0.28,28,False
DPP6,0.28,28,False
GC,0.28,28,False
GCLM,0.28,28,False
GJA8,0.28,28,False
DENND2B,0.28,28,False
B4GALT1,0.28,28,False
PROC,0.28,28,False
MEGF10,0.28,28,False
WIF1,0.28,28,False
SOD3,0.28,28,False
ECE1,0.28,28,False
FES,0.28,28,False
TREM2,0.28,28,False
TREML2,0.28,28,False
CACNB1,0.28,28,False
CBLN4,0.28,28,False
LRRC37A2,0.28,28,False
SEMA4C,0.28,28,False
PNPT1,0.28,28,False
CPB2,0.28,28,False
COX6B1,0.28,28,False
CPA4,0.28,28,False
ICAM4,0.28,28,False
IFNL2,0.28,28,False
IGDCC4,0.28,28,False
OSBPL2,0.28,28,False
MANEAL,0.28,28,False
BAMBI,0.28,28,False
GUCA2A,0.28,28,False
CRTAM,0.28,28,False
SELENOP,0.28,28,False
CCDC50,0.28,28,False
NT5E,0.28,28,False
APOM,0.28,28,False
LEP,0.28,28,False
CD300C,0.28,28,False
CD300LF,0.28,28,False
CLEC5A,0.28,28,False
CLNS1A,0.28,28,False
SLC16A1,0.28,28,False
BCL2,0.28,28,False
OXT,0.28,28,False
KLRF1,0.28,28,False
STOML2,0.28,28,False
TNPO1,0.28,28,False
TNFSF11,0.28,28,False
NEB,0.28,28,False
DCUN1D2,0.28,28,False
DDAH1,0.28,28,False
DCBLD2,0.28,28,False
GOT1,0.28,28,False
DDX4,0.28,28,False
DEFB104A_DEFB104B,0.28,28,False
ATP6V1D,0.28,28,False
SATB1,0.28,28,False
NPM1,0.28,28,False
NOS1,0.28,28,False
NLGN1,0.28,28,False
ADAM15,0.28,28,False
CALCA,0.28,28,False
MAN2B2,0.28,28,False
USP47,0.28,28,False
METAP1,0.28,28,False
MMP9,0.28,28,False
VSIG10,0.28,28,False
VSIG10L,0.28,28,False
VGF,0.28,28,False
VMO1,0.28,28,False
VNN1,0.28,28,False
BRME1,0.28,28,False
TMOD4,0.28,28,False
NHLRC3,0.28,28,False
ZNRF4,0.28,28,False
NCAM2,0.28,28,False
C1S,0.28,28,False
MCTS1,0.28,28,False
TPBGL,0.28,28,False
CINP,0.28,28,False
CHRM1,0.28,28,False
SMC3,0.28,28,False
SLC1A4,0.28,28,False
PDE4D,0.28,28,False
ISLR2,0.28,28,False
APOA1,0.28,28,False
CDH4,0.28,28,False
CDH15,0.28,28,False
MRPS16,0.28,28,False
FCRL6,0.28,28,False
EPN1,0.28,28,False
PYDC1,0.28,28,False
FCRL5,0.27,27,False
FCGR2A,0.27,27,False
FBP1,0.27,27,False
UPB1,0.27,27,False
B3GAT3,0.27,27,False
GASK1A,0.27,27,False
TYRO3,0.27,27,False
FSHB,0.27,27,False
DPEP2,0.27,27,False
CELA3A,0.27,27,False
CEP290,0.27,27,False
IL36A,0.27,27,False
IL6,0.27,27,False
SLC28A1,0.27,27,False
PCNA,0.27,27,False
INSL3,0.27,27,False
SPINK8,0.27,27,False
KEL,0.27,27,False
SPESP1,0.27,27,False
FLT3LG,0.27,27,False
FOSB,0.27,27,False
FOS,0.27,27,False
FST,0.27,27,False
CDH22,0.27,27,False
ATP1B1,0.27,27,False
PEPD,0.27,27,False
SIRPA,0.27,27,False
SIGLEC7,0.27,27,False
PADI4,0.27,27,False
L1CAM,0.27,27,False
IL17A,0.27,27,False
OBP2B,0.27,27,False
PI16,0.27,27,False
PIGR,0.27,27,False
TBC1D17,0.27,27,False
NRN1,0.27,27,False
ATP2B4,0.27,27,False
STX5,0.27,27,False
LEPR,0.27,27,False
STAU1,0.27,27,False
APOD,0.27,27,False
LACRT,0.27,27,False
STX3,0.27,27,False
STX16,0.27,27,False
STX1B,0.27,27,False
CHIT1,0.27,27,False
KLKB1,0.27,27,False
CHGB,0.27,27,False
HS6ST2,0.27,27,False
CBLIF,0.27,27,False
LUZP2,0.27,27,False
HS3ST3B1,0.27,27,False
IDUA,0.27,27,False
IFNAR1,0.27,27,False
IGFBP2,0.27,27,False
CTSF,0.27,27,False
GLP1R,0.27,27,False
DDX1,0.27,27,False
DCN,0.27,27,False
C1QL2,0.27,27,False
VIM,0.27,27,False
BTD,0.27,27,False
TNF,0.27,27,False
NINJ1,0.27,27,False
TGOLN2,0.27,27,False
NPTX1,0.27,27,False
ANGPTL4,0.27,27,False
NME3,0.27,27,False
TLR1,0.27,27,False
TLR4,0.27,27,False
CACNA1C,0.27,27,False
ANP32C,0.27,27,False
HLA.E,0.27,27,False
ANKRA2,0.27,27,False
SCGB3A2,0.27,27,False
TK1,0.27,27,False
CALY,0.27,27,False
PODXL,0.27,27,False
GBP6,0.27,27,False
AMY1A_AMY1B_AMY1C,0.27,27,False
VAMP5,0.27,27,False
ESM1,0.27,27,False
ENDOU,0.27,27,False
EPGN,0.27,27,False
ERBB3,0.27,27,False
PTPRF,0.27,27,False
RNF4,0.27,27,False
LRP1,0.27,27,False
TEX101,0.27,27,False
SERPINI2,0.26,26,False
NUP50,0.26,26,False
CD1C,0.26,26,False
SH3BGRL2,0.26,26,False
IKZF2,0.26,26,False
NXPH3,0.26,26,False
CNTNAP4,0.26,26,False
SGSH,0.26,26,False
CD80,0.26,26,False
PFDN4,0.26,26,False
PGLYRP4,0.26,26,False
IL2RG,0.26,26,False
SSB,0.26,26,False
APOF,0.26,26,False
GAD1,0.26,26,False
ITPRIP,0.26,26,False
FDX1,0.26,26,False
FAP,0.26,26,False
FOLH1,0.26,26,False
TPSG1,0.26,26,False
MPRIP,0.26,26,False
CLU,0.26,26,False
PBK,0.26,26,False
SPINK2,0.26,26,False
CEMIP2,0.26,26,False
FKBP7,0.26,26,False
PRSS8,0.26,26,False
MYOM3,0.26,26,False
MYOM2,0.26,26,False
FUT3_FUT5,0.26,26,False
PYY,0.26,26,False
DNAJA4,0.26,26,False
F11,0.26,26,False
NDRG1,0.26,26,False
PRKAG3,0.26,26,False
ACSL1,0.26,26,False
VSTM1,0.26,26,False
FGFBP1,0.26,26,False
MET,0.26,26,False
VCAN,0.26,26,False
TMPRSS5,0.26,26,False
DCTPP1,0.26,26,False
C4BPB,0.26,26,False
DCC,0.26,26,False
BOC,0.26,26,False
MAMDC2,0.26,26,False
CUZD1,0.26,26,False
TGFBI,0.26,26,False
CA9,0.26,26,False
TLR3,0.26,26,False
CSPG4,0.26,26,False
NPC2,0.26,26,False
LYSMD3,0.26,26,False
NENF,0.26,26,False
ACP5,0.26,26,False
LXN,0.26,26,False
LRG1,0.26,26,False
LRIG1,0.26,26,False
SERPINA7,0.26,26,False
ANXA10,0.26,26,False
CSF2,0.26,26,False
IFNG,0.26,26,False
MSMB,0.26,26,False
NFIC,0.26,26,False
LYAR,0.26,26,False
HMBS,0.26,26,False
DMP1,0.26,26,False
UROS,0.26,26,False
CSRP3,0.26,26,False
SHBG,0.26,26,False
RBP1,0.25,25,False
DNER,0.25,25,False
MYH4,0.25,25,False
CFHR2,0.25,25,False
FCRL3,0.25,25,False
CDSN,0.25,25,False
MTPN,0.25,25,False
PDIA5,0.25,25,False
KRT8,0.25,25,False
SLC39A5,0.25,25,False
KIR2DL2,0.25,25,False
KLK15,0.25,25,False
CDH17,0.25,25,False
CD86,0.25,25,False
SOWAHA,0.25,25,False
BEX3,0.25,25,False
PCDH1,0.25,25,False
PDCL2,0.25,25,False
PDCD6,0.25,25,False
SMOC2,0.25,25,False
CHP1,0.25,25,False
SLITRK2,0.25,25,False
IL4R,0.25,25,False
IL3RA,0.25,25,False
CNTN5,0.25,25,False
NXPH1,0.25,25,False
OMD,0.25,25,False
APOH,0.25,25,False
LCP1,0.25,25,False
CCN5,0.25,25,False
CCND2,0.25,25,False
CCNE1,0.25,25,False
CD274,0.25,25,False
PLA2G10,0.25,25,False
TCL1A,0.25,25,False
SEZ6L,0.25,25,False
SEZ6L2,0.25,25,False
TCN1,0.25,25,False
CDH23,0.25,25,False
TIE1,0.25,25,False
CREBZF,0.25,25,False
CNPY2,0.25,25,False
SERPIND1,0.25,25,False
TFF2,0.25,25,False
MAEA,0.25,25,False
HAGH,0.25,25,False
AGR3,0.25,25,False
ICAM3,0.25,25,False
SEPTIN9,0.25,25,False
LILRB5,0.25,25,False
CCL21,0.25,25,False
CCL23,0.25,25,False
NPY,0.25,25,False
CCL16,0.25,25,False
PODXL2,0.25,25,False
HMGCL,0.25,25,False
GPHA2,0.25,25,False
SAA4,0.25,25,False
NMNAT1,0.25,25,False
WASL,0.25,25,False
MMP10,0.25,25,False
MIA,0.25,25,False
ZNF830,0.25,25,False
MORC3,0.25,25,False
NBL1,0.25,25,False
CYTH3,0.25,25,False
DCUN1D1,0.25,25,False
CTRC,0.25,25,False
C2CD2L,0.25,25,False
BTN2A1,0.25,25,False
MAPRE3,0.25,25,False
MCEE,0.25,25,False
GFRA2,0.25,25,False
GET3,0.25,25,False
DUSP29,0.25,25,False
DLK1,0.25,25,False
PRAME,0.25,25,False
AIF1L,0.25,25,False
WFDC1,0.25,25,False
PROK1,0.25,25,False
VWF,0.25,25,False
RPS10,0.25,25,False
ENG,0.25,25,False
EVI2B,0.25,25,False
RBP2,0.25,25,False
AKR1C4,0.25,25,False
EPS8L2,0.25,25,False
A1BG,0.25,25,False
ELAVL4,0.24,24,False
ENOPH1,0.24,24,False
FAM20A,0.24,24,False
KDM3A,0.24,24,False
RCC1,0.24,24,False
DSG2,0.24,24,False
RBKS,0.24,24,False
ITIH3,0.24,24,False
ALDH2,0.24,24,False
RNF31,0.24,24,False
RNF168,0.24,24,False
KIAA1549L,0.24,24,False
RNASE10,0.24,24,False
TNFSF10,0.24,24,False
TPSAB1,0.24,24,False
C2,0.24,24,False
MNAT1,0.24,24,False
C5,0.24,24,False
LYZL2,0.24,24,False
TIMP2,0.24,24,False
NFASC,0.24,24,False
CEACAM21,0.24,24,False
BMP10,0.24,24,False
LAMB1,0.24,24,False
ITGA2,0.24,24,False
NOS2,0.24,24,False
BLVRB,0.24,24,False
CLEC12A,0.24,24,False
NGFR,0.24,24,False
DOC2B,0.24,24,False
NME1,0.24,24,False
CFP,0.24,24,False
S100G,0.24,24,False
CCL11,0.24,24,False
GFRAL,0.24,24,False
IL1R2,0.24,24,False
AMPD3,0.24,24,False
LGALS7_LGALS7B,0.24,24,False
UNC5D,0.24,24,False
CCL28,0.24,24,False
MORF4L1,0.24,24,False
SERPINA4,0.24,24,False
SERPINA5,0.24,24,False
PMS1,0.24,24,False
SIGLEC8,0.24,24,False
DKK3,0.24,24,False
GGT5,0.24,24,False
GLI2,0.24,24,False
SCN2B,0.24,24,False
ADRA2A,0.24,24,False
GPC5,0.24,24,False
SSH3,0.24,24,False
COQ7,0.24,24,False
IFNL1,0.24,24,False
ACTA2,0.24,24,False
IGFBP6,0.24,24,False
SYNGAP1,0.24,24,False
CCAR2,0.24,24,False
PCDHB15,0.24,24,False
SIGLEC5,0.24,24,False
SLAMF7,0.24,24,False
CXCL10,0.24,24,False
CPM,0.24,24,False
ATF4,0.24,24,False
PALM3,0.24,24,False
WNT9A,0.24,24,False
LILRA2,0.24,24,False
SMPD3,0.24,24,False
LBP,0.24,24,False
MORF4L2,0.24,24,False
VCPKMT,0.24,24,False
PTPRK,0.24,24,False
CTSC,0.24,24,False
FAM3D,0.24,24,False
ALMS1,0.24,24,False
ATXN2,0.24,24,False
FGF5,0.24,24,False
FN1,0.24,24,False
PGA4,0.24,24,False
SLURP1,0.24,24,False
LTBP3,0.24,24,False
ALPP,0.24,24,False
FGF2,0.24,24,False
CASP1,0.24,24,False
PRTG,0.24,24,False
RARRES1,0.24,24,False
PTH,0.24,24,False
CEACAM3,0.23,23,False
CD58,0.23,23,False
KRT5,0.23,23,False
ADAMTS16,0.23,23,False
ADAMTS4,0.23,23,False
IL1R1,0.23,23,False
GNPDA1,0.23,23,False
SAT2,0.23,23,False
IL17RA,0.23,23,False
VAT1,0.23,23,False
C19orf12,0.23,23,False
ADAM23,0.23,23,False
GNGT1,0.23,23,False
MCAM,0.23,23,False
CEACAM19,0.23,23,False
CENPJ,0.23,23,False
TFAP2A,0.23,23,False
CFB,0.23,23,False
TTR,0.23,23,False
PRCP,0.23,23,False
DUSP13,0.23,23,False
PROCR,0.23,23,False
TPSD1,0.23,23,False
TPM3,0.23,23,False
MRPL24,0.23,23,False
MMP1,0.23,23,False
CDHR2,0.23,23,False
RBPMS,0.23,23,False
EBI3_IL27,0.23,23,False
EDDM3B,0.23,23,False
FNDC1,0.23,23,False
RCOR1,0.23,23,False
FABP2,0.23,23,False
ACP1,0.23,23,False
SLAMF1,0.23,23,False
LSP1,0.23,23,False
FLT4,0.23,23,False
EPHX2,0.23,23,False
LRIG3,0.23,23,False
RAB39B,0.23,23,False
RAD51,0.23,23,False
GPRC5C,0.23,23,False
CPA1,0.23,23,False
SPARCL1,0.23,23,False
GPR158,0.23,23,False
CCL18,0.23,23,False
HEPH,0.23,23,False
AFM,0.23,23,False
CPB1,0.23,23,False
AHSG,0.23,23,False
COL3A1,0.23,23,False
SKIV2L,0.23,23,False
PCDH9,0.23,23,False
ATP1B3,0.23,23,False
CSF2RA,0.23,23,False
LDLR,0.23,23,False
PAFAH1B3,0.23,23,False
SPINT3,0.23,23,False
SULT2A1,0.23,23,False
SPRING1,0.23,23,False
TACSTD2,0.23,23,False
APOL1,0.23,23,False
CLEC4G,0.23,23,False
IFNGR2,0.23,23,False
PNLIP,0.23,23,False
GLO1,0.23,23,False
XG,0.23,23,False
ACY3,0.23,23,False
SNAP25,0.23,23,False
LCAT,0.23,23,False
CKB,0.23,23,False
LY96,0.23,23,False
CES1,0.23,23,False
NPHS1,0.23,23,False
MYL6B,0.22,22,False
AKAP12,0.22,22,False
KLK11,0.22,22,False
RECK,0.22,22,False
REG4,0.22,22,False
ACADM,0.22,22,False
MYOC,0.22,22,False
F2,0.22,22,False
DYNC1H1,0.22,22,False
PON3,0.22,22,False
NCS1,0.22,22,False
TRIM26,0.22,22,False
CEP152,0.22,22,False
EFHD1,0.22,22,False
MTHFD2,0.22,22,False
MTUS1,0.22,22,False
C1R,0.22,22,False
CENPF,0.22,22,False
PON2,0.22,22,False
FTCD,0.22,22,False
FURIN,0.22,22,False
TTN,0.22,22,False
KIRREL2,0.22,22,False
APOB,0.22,22,False
CD22,0.22,22,False
CD38,0.22,22,False
PPP1R14D,0.22,22,False
SCARF2,0.22,22,False
GBA,0.22,22,False
MATN2,0.22,22,False
MATN3,0.22,22,False
SCN3B,0.22,22,False
TEF,0.22,22,False
ASGR2,0.22,22,False
UGDH,0.22,22,False
TGFBR1,0.22,22,False
GLYR1,0.22,22,False
TNFRSF10C,0.22,22,False
CA1,0.22,22,False
YY1,0.22,22,False
BMP4,0.22,22,False
TIMP4,0.22,22,False
ADGRE2,0.22,22,False
ADGRD1,0.22,22,False
HS6ST1,0.22,22,False
SRPX,0.22,22,False
SUSD4,0.22,22,False
LGALS3,0.22,22,False
SPTBN2,0.22,22,False
CPTP,0.22,22,False
OLFM4,0.22,22,False
OLR1,0.22,22,False
SKAP1,0.22,22,False
SIT1,0.22,22,False
AIDA,0.22,22,False
GGT1,0.22,22,False
LMNB1,0.22,22,False
CCER2,0.22,22,False
CCDC80,0.22,22,False
WFDC12,0.22,22,False
CCL22,0.22,22,False
ADAMTS15,0.22,22,False
MEGF9,0.22,22,False
VNN2,0.22,22,False
SEMA7A,0.22,22,False
SEMA6C,0.22,22,False
SERPINA9,0.22,22,False
LGMN,0.22,22,False
ACTN2,0.22,22,False
SEPTIN7,0.22,22,False
SLITRK6,0.22,22,False
PKLR,0.22,22,False
SPINK1,0.22,22,False
SPINK6,0.22,22,False
MFAP4,0.22,22,False
MEGF11,0.22,22,False
ATP1B2,0.22,22,False
SERPINF2,0.22,22,False
PKD2,0.22,22,False
PFDN2,0.22,22,False
ERI1,0.22,22,False
AZU1,0.22,22,False
SLC4A1,0.22,22,False
SLC27A4,0.22,22,False
PDZK1,0.22,22,False
MAN1A2,0.22,22,False
FABP6,0.22,22,False
C9orf40,0.22,22,False
ELN,0.21,21,False
FOLR2,0.21,21,False
ARID4B,0.21,21,False
TOR1AIP1,0.21,21,False
FMNL1,0.21,21,False
MNDA,0.21,21,False
SLC39A14,0.21,21,False
ARHGEF5,0.21,21,False
CCL4,0.21,21,False
MFGE8,0.21,21,False
BPIFB2,0.21,21,False
SNU13,0.21,21,False
TNFSF13B,0.21,21,False
TNFRSF6B,0.21,21,False
MME,0.21,21,False
PPM1B,0.21,21,False
PRDX2,0.21,21,False
TUBB3,0.21,21,False
SERPINA6,0.21,21,False
S100A13,0.21,21,False
S100A12,0.21,21,False
C1GALT1C1,0.21,21,False
THBS4,0.21,21,False
NBN,0.21,21,False
IL19,0.21,21,False
IGFBPL1,0.21,21,False
TDO2,0.21,21,False
BLNK,0.21,21,False
TGFBR3,0.21,21,False
CIT,0.21,21,False
NUDT10,0.21,21,False
ARHGAP30,0.21,21,False
TNFAIP8,0.21,21,False
BNIP3L,0.21,21,False
LAMP2,0.21,21,False
HAO1,0.21,21,False
NAGPA,0.21,21,False
INSL5,0.21,21,False
ACP6,0.21,21,False
BMPER,0.21,21,False
PKD1,0.21,21,False
PDCD1LG2,0.21,21,False
HIP1,0.21,21,False
CSTB,0.21,21,False
CTBS,0.21,21,False
CTSB,0.21,21,False
CALCB,0.21,21,False
CARHSP1,0.21,21,False
LRPAP1,0.21,21,False
SIRT1,0.21,21,False
ITGBL1,0.21,21,False
ADGRB3,0.21,21,False
RBP7,0.21,21,False
ITIH1,0.21,21,False
RELT,0.21,21,False
EDIL3,0.21,21,False
CDA,0.21,21,False
CAPG,0.21,21,False
CALB1,0.21,21,False
PTPRR,0.21,21,False
CTSE,0.21,21,False
PTX3,0.21,21,False
GAPDH,0.21,21,False
GAS6,0.21,21,False
LAG3,0.21,21,False
KLRK1,0.21,21,False
CD28,0.21,21,False
LECT2,0.21,21,False
ASPN,0.21,21,False
LEO1,0.21,21,False
IGSF9,0.21,21,False
STC2,0.21,21,False
ADM,0.21,21,False
CASP9,0.21,21,False
CSF3R,0.21,21,False
MEP1A,0.21,21,False
LPCAT2,0.21,21,False
C1QBP,0.21,21,False
SIRPB1,0.21,21,False
CDH2,0.21,21,False
AMDHD2,0.21,21,False
BRK1,0.21,21,False
SUMF2,0.21,21,False
GBP2,0.21,21,False
DPP10,0.21,21,False
SLC12A2,0.2,20,False
SORCS2,0.2,20,False
PRND,0.2,20,False
PRKD2,0.2,20,False
ROR1,0.2,20,False
GSTA1,0.2,20,False
ANGPTL7,0.2,20,False
GSTT2B,0.2,20,False
PQBP1,0.2,20,False
TSC1,0.2,20,False
TNFSF13,0.2,20,False
BABAM1,0.2,20,False
FLT1,0.2,20,False
MTR,0.2,20,False
QSOX1,0.2,20,False
C3,0.2,20,False
FOLR1,0.2,20,False
FCRL1,0.2,20,False
ENO3,0.2,20,False
FDX2,0.2,20,False
GALNT10,0.2,20,False
CXCL9,0.2,20,False
ARHGAP5,0.2,20,False
PDP1,0.2,20,False
SLAMF6,0.2,20,False
BRD1,0.2,20,False
RNASE4,0.2,20,False
CTSO,0.2,20,False
AHSP,0.2,20,False
TFPI2,0.2,20,False
NOTCH2,0.2,20,False
TERF1,0.2,20,False
TCN2,0.2,20,False
CLASP1,0.2,20,False
RSPO3,0.2,20,False
DDA1,0.2,20,False
DDI2,0.2,20,False
LHPP,0.2,20,False
NOS3,0.2,20,False
CFI,0.2,20,False
CD7,0.2,20,False
IQGAP2,0.2,20,False
PCDH7,0.2,20,False
SPACA5_SPACA5B,0.2,20,False
PDGFRA,0.2,20,False
KIF1C,0.2,20,False
LAMA4,0.2,20,False
TIGAR,0.2,20,False
KIAA0319,0.2,20,False
CHCHD10,0.2,20,False
APCS,0.2,20,False
INHBC,0.2,20,False
CHI3L1,0.2,20,False
MAPK13,0.2,20,False
ARG2,0.2,20,False
MAPK9,0.2,20,False
CD109,0.2,20,False
CD5L,0.2,20,False
IL2RA,0.2,20,False
NRP1,0.2,20,False
CLEC2L,0.2,20,False
CD200,0.2,20,False
CLEC1A,0.2,20,False
SIGLEC9,0.2,20,False
GIPC2,0.2,20,False
SPON1,0.2,20,False
CORO6,0.2,20,False
HYAL1,0.2,20,False
IGF2BP3,0.2,20,False
GCHFR,0.2,20,False
SBSN,0.2,20,False
ANGPTL1,0.2,20,False
CAT,0.2,20,False
SYT1,0.2,20,False
IL10RB,0.2,20,False
VWA1,0.2,20,False
PLXNB2,0.2,20,False
STX7,0.2,20,False
DTX3,0.2,20,False
SSC4D,0.2,20,False
ANXA1,0.2,20,False
EDAR,0.2,20,False
RAB6A,0.2,20,False
RAB37,0.2,20,False
PVR,0.2,20,False
PTPRZ1,0.2,20,False
C1QTNF1,0.2,20,False
FGA,0.2,20,False
ADAM22,0.2,20,False
FEN1,0.19,19,False
SLC13A1,0.19,19,False
PRAP1,0.19,19,False
CCL3,0.19,19,False
PPM1A,0.19,19,False
HIP1R,0.19,19,False
FUS,0.19,19,False
SLAMF8,0.19,19,False
CD244,0.19,19,False
CALB2,0.19,19,False
STX8,0.19,19,False
PREB,0.19,19,False
LGALS3BP,0.19,19,False
CD74,0.19,19,False
CD5,0.19,19,False
CD84,0.19,19,False
SIGLEC1,0.19,19,False
FGR,0.19,19,False
F13B,0.19,19,False
IL15RA,0.19,19,False
NFYA,0.19,19,False
IL13RA1,0.19,19,False
NPL,0.19,19,False
CLC,0.19,19,False
APEX1,0.19,19,False
APBB1IP,0.19,19,False
SMARCA2,0.19,19,False
BCL2L11,0.19,19,False
GPR15L,0.19,19,False
BCAT1,0.19,19,False
SIGLEC6,0.19,19,False
BCHE,0.19,19,False
WDR46,0.19,19,False
CTSS,0.19,19,False
SPON2,0.19,19,False
VSNL1,0.19,19,False
GGH,0.19,19,False
GM2A,0.19,19,False
GIMAP8,0.19,19,False
GIMAP7,0.19,19,False
GYS1,0.19,19,False
RPA2,0.19,19,False
ADA,0.19,19,False
CXCL11,0.19,19,False
ITPR1,0.19,19,False
CDH6,0.19,19,False
AGXT,0.19,19,False
RBFOX3,0.19,19,False
PTGDS,0.19,19,False
PTS,0.19,19,False
RAB44,0.19,19,False
ALDH1A1,0.19,19,False
PSAPL1,0.19,19,False
CDK1,0.19,19,False
ROBO4,0.19,19,False
F9,0.19,19,False
CD14,0.19,19,False
DSCAM,0.19,19,False
ADAM12,0.19,19,False
CA3,0.19,19,False
UNG,0.19,19,False
CLEC10A,0.19,19,False
ADH1B,0.19,19,False
TGFA,0.19,19,False
TIGIT,0.19,19,False
NCF2,0.19,19,False
DUSP3,0.19,19,False
RPL14,0.19,19,False
TIMD4,0.19,19,False
CRLF1,0.19,19,False
VCAM1,0.19,19,False
ZNRD2,0.19,19,False
AARSD1,0.19,19,False
CCL27,0.19,19,False
LMNB2,0.19,19,False
LIFR,0.19,19,False
CA5A,0.19,19,False
TPK1,0.19,19,False
ENSA,0.19,19,False
CCL15,0.19,19,False
PNLIPRP1,0.18,18,False
CLSTN3,0.18,18,False
IDO1,0.18,18,False
IFNGR1,0.18,18,False
PRG2,0.18,18,False
CD83,0.18,18,False
OSMR,0.18,18,False
LGALS4,0.18,18,False
RNASE6,0.18,18,False
CAMLG,0.18,18,False
PGLYRP1,0.18,18,False
SORD,0.18,18,False
IFNLR1,0.18,18,False
OSCAR,0.18,18,False
SSC5D,0.18,18,False
BHMT2,0.18,18,False
ADH4,0.18,18,False
KLRD1,0.18,18,False
UBAC1,0.18,18,False
RFC4,0.18,18,False
ITGB1,0.18,18,False
PLIN1,0.18,18,False
ATP6V1F,0.18,18,False
HSBP1,0.18,18,False
CHRDL1,0.18,18,False
NEDD9,0.18,18,False
NEO1,0.18,18,False
DHPS,0.18,18,False
NAMPT,0.18,18,False
CFC1,0.18,18,False
TDP1,0.18,18,False
NAPRT,0.18,18,False
PLAU,0.18,18,False
TNFRSF10B,0.18,18,False
PILRA,0.18,18,False
TINAGL1,0.18,18,False
CFH,0.18,18,False
RTBDN,0.18,18,False
DPP7,0.18,18,False
TFF1,0.18,18,False
PLA2G15,0.18,18,False
SCRIB,0.18,18,False
HSPB6,0.18,18,False
ANGPTL2,0.18,18,False
IGFBP4,0.18,18,False
IGF1R,0.18,18,False
CPOX,0.18,18,False
COL5A1,0.18,18,False
CRHBP,0.18,18,False
HMOX2,0.18,18,False
AGRP,0.18,18,False
GP1BA,0.18,18,False
SCG2,0.18,18,False
S100P,0.18,18,False
GPR37,0.18,18,False
CCN1,0.18,18,False
MYBPC1,0.18,18,False
AMFR,0.18,18,False
FMR1,0.18,18,False
FCRL2,0.18,18,False
CA12,0.18,18,False
DRAXIN,0.18,18,False
DDT,0.18,18,False
C2orf69,0.18,18,False
CRTAP,0.18,18,False
BTN3A2,0.18,18,False
IL18R1,0.18,18,False
IL18,0.18,18,False
HDDC2,0.18,18,False
CCL20,0.18,18,False
CXADR,0.18,18,False
MRC1,0.18,18,False
MYL3,0.18,18,False
CDH5,0.18,18,False
AHSA1,0.18,18,False
CXCL6,0.18,18,False
TRIM24,0.18,18,False
TSC22D1,0.18,18,False
TNFRSF8,0.18,18,False
MYO6,0.18,18,False
PRSS2,0.18,18,False
PSAP,0.18,18,False
EZR,0.18,18,False
B2M,0.18,18,False
PTPRN2,0.18,18,False
RALY,0.18,18,False
EIF4EBP1,0.18,18,False
ENTR1,0.18,18,False
APRT,0.17,17,False
LSM1,0.17,17,False
LY6D,0.17,17,False
FGFBP3,0.17,17,False
EPHA1,0.17,17,False
PSMG4,0.17,17,False
AKR7L,0.17,17,False
RBP5,0.17,17,False
DYNLT1,0.17,17,False
APOA4,0.17,17,False
KCTD5,0.17,17,False
ALDH5A1,0.17,17,False
CXCL16,0.17,17,False
CYTL1,0.17,17,False
ACY1,0.17,17,False
TRDMT1,0.17,17,False
ARL13B,0.17,17,False
TNFSF8,0.17,17,False
TNFRSF9,0.17,17,False
CEACAM8,0.17,17,False
ADGRE1,0.17,17,False
MRI1,0.17,17,False
FABP1,0.17,17,False
CA2,0.17,17,False
SERPINB8,0.17,17,False
GLRX,0.17,17,False
ACOX1,0.17,17,False
HLA.A,0.17,17,False
CSNK1D,0.17,17,False
HBEGF,0.17,17,False
VEGFA,0.17,17,False
VIT,0.17,17,False
MARCO,0.17,17,False
CGREF1,0.17,17,False
BRD2,0.17,17,False
NT5C1A,0.17,17,False
IL12B,0.17,17,False
TGFBR2,0.17,17,False
THOP1,0.17,17,False
BAG3,0.17,17,False
DPT,0.17,17,False
CHCHD6,0.17,17,False
CEP85,0.17,17,False
TMCO5A,0.17,17,False
BMP6,0.17,17,False
TNFRSF19,0.17,17,False
AHNAK2,0.17,17,False
PCOLCE,0.17,17,False
GPD1,0.17,17,False
CR1,0.17,17,False
CREG1,0.17,17,False
CRIP2,0.17,17,False
USP28,0.17,17,False
GOLGA3,0.17,17,False
VSIG2,0.17,17,False
SPP1,0.17,17,False
PBXIP1,0.17,17,False
PCBD1,0.17,17,False
PAG1,0.17,17,False
PAIP2B,0.17,17,False
CPPED1,0.17,17,False
AFAP1,0.17,17,False
DEFA1_DEFA1B,0.17,17,False
ANG,0.17,17,False
SCLY,0.17,17,False
SHISA5,0.17,17,False
SEMA3G,0.17,17,False
COCH,0.17,17,False
BGN,0.17,17,False
STAB2,0.17,17,False
IFI30,0.17,17,False
OCLN,0.17,17,False
OSM,0.17,17,False
WARS,0.17,17,False
KLRB1,0.17,17,False
BRD3,0.17,17,False
ANKRD54,0.17,17,False
KLF4,0.17,17,False
KLK10,0.17,17,False
RNASE3,0.17,17,False
REPS1,0.17,17,False
PRDX1,0.17,17,False
PPP1R12B,0.17,17,False
ATP6AP2,0.17,17,False
CTSL,0.17,17,False
GSR,0.17,17,False
GPNMB,0.17,17,False
SOD2,0.17,17,False
SNCG,0.17,17,False
CWC15,0.17,17,False
FOXO3,0.17,17,False
ENAH,0.16,16,False
PVALB,0.16,16,False
EPHB6,0.16,16,False
FBLN2,0.16,16,False
EP300,0.16,16,False
MRPL58,0.16,16,False
NDUFA5,0.16,16,False
BOLA2_BOLA2B,0.16,16,False
MZB1,0.16,16,False
FABP4,0.16,16,False
PXN,0.16,16,False
STAM,0.16,16,False
CLTA,0.16,16,False
OGN,0.16,16,False
CD300A,0.16,16,False
CD36,0.16,16,False
IL12A_IL12B,0.16,16,False
BOLA1,0.16,16,False
ITGA6,0.16,16,False
NGRN,0.16,16,False
NID1,0.16,16,False
ITGB7,0.16,16,False
TNFRSF21,0.16,16,False
VASN,0.16,16,False
MKI67,0.16,16,False
CD55,0.16,16,False
TXN,0.16,16,False
TCOF1,0.16,16,False
IL1RN,0.16,16,False
BRDT,0.16,16,False
NUCB2,0.16,16,False
CFD,0.16,16,False
THY1,0.16,16,False
SV2A,0.16,16,False
NRP2,0.16,16,False
TFF3,0.16,16,False
TFPI,0.16,16,False
NUDT2,0.16,16,False
TIMP1,0.16,16,False
THBS2,0.16,16,False
RETN,0.16,16,False
RNASEH2A,0.16,16,False
RNASE1,0.16,16,False
PRDX6,0.16,16,False
LY9,0.16,16,False
ECHS1,0.16,16,False
C7orf50,0.16,16,False
AMOTL2,0.16,16,False
GFRA1,0.16,16,False
CPXM1,0.16,16,False
SMOC1,0.16,16,False
ADAM8,0.16,16,False
PIK3AP1,0.16,16,False
SPAG1,0.16,16,False
PER3,0.16,16,False
PDIA3,0.16,16,False
GPKOW,0.16,16,False
MFAP5,0.16,16,False
CXCL8,0.16,16,False
WASF3,0.16,16,False
VSIG4,0.16,16,False
VEGFB,0.16,16,False
SMTN,0.16,16,False
SNAPIN,0.16,16,False
HDGF,0.16,16,False
CRYM,0.16,16,False
SPTLC1,0.16,16,False
ICAM2,0.16,16,False
PAM,0.16,16,False
PARD3,0.16,16,False
PARP1,0.16,16,False
COL18A1,0.16,16,False
COL6A3,0.16,16,False
HSDL2,0.16,16,False
HSD17B3,0.16,16,False
SELE,0.16,16,False
SCRG1,0.16,16,False
SDC1,0.16,16,False
RGMB,0.16,16,False
FSTL3,0.16,16,False
RIDA,0.16,16,False
EDF1,0.16,16,False
PSIP1,0.16,16,False
ARHGAP25,0.16,16,False
FAM3C,0.16,16,False
FRMD4B,0.16,16,False
ZHX2,0.16,16,False
RTN4R,0.16,16,False
MAGED1,0.16,16,False
S100A11,0.16,16,False
ROBO1,0.16,16,False
SAFB2,0.16,16,False
SART1,0.16,16,False
GMPR,0.16,16,False
MB,0.16,16,False
ZBTB17,0.16,16,False
ZBP1,0.16,16,False
MAD1L1,0.16,16,False
DNAJB8,0.16,16,False
SDHB,0.16,16,False
SCARA5,0.16,16,False
GLA,0.16,16,False
DMD,0.16,16,False
STX6,0.15,15,False
ANXA2,0.15,15,False
SWAP70,0.15,15,False
FGFR2,0.15,15,False
ERMAP,0.15,15,False
RABEPK,0.15,15,False
ELOA,0.15,15,False
TAFA5,0.15,15,False
KRT18,0.15,15,False
IGHMBP2,0.15,15,False
NFKBIE,0.15,15,False
NT5C3A,0.15,15,False
CKAP4,0.15,15,False
ISM1,0.15,15,False
IMMT,0.15,15,False
ADGRF5,0.15,15,False
THPO,0.15,15,False
TNFRSF13B,0.15,15,False
ITGA5,0.15,15,False
IRAG2,0.15,15,False
NECTIN2,0.15,15,False
NCR3LG1,0.15,15,False
MVK,0.15,15,False
MYCBP2,0.15,15,False
CDK5RAP3,0.15,15,False
ABHD14B,0.15,15,False
CDC26,0.15,15,False
MRPL46,0.15,15,False
FCAR,0.15,15,False
TNFRSF10A,0.15,15,False
LAIR1,0.15,15,False
MMUT,0.15,15,False
TNFAIP2,0.15,15,False
CABP2,0.15,15,False
PSMD9,0.15,15,False
SPINT1,0.15,15,False
SIGLEC10,0.15,15,False
PHLDB1,0.15,15,False
DDR1,0.15,15,False
DCXR,0.15,15,False
CCL14,0.15,15,False
LGALS9,0.15,15,False
MICALL2,0.15,15,False
APP,0.15,15,False
DCTN6,0.15,15,False
CXCL5,0.15,15,False
CXCL1,0.15,15,False
CTSZ,0.15,15,False
SERPINH1,0.15,15,False
SETMAR,0.15,15,False
SF3B4,0.15,15,False
DCTN2,0.15,15,False
CRELD1,0.15,15,False
PDGFA,0.15,15,False
BCL2L15,0.15,15,False
ATOX1,0.15,15,False
PDZD2,0.15,15,False
COX5B,0.15,15,False
COLEC12,0.15,15,False
SPRED2,0.15,15,False
CD160,0.15,15,False
BRSK2,0.15,15,False
SUOX,0.15,15,False
WAS,0.15,15,False
CCT5,0.15,15,False
CCS,0.15,15,False
CD163,0.15,15,False
CRYGD,0.15,15,False
ICAM1,0.15,15,False
PALM,0.15,15,False
HSPA2,0.15,15,False
HSPB1,0.15,15,False
SRP14,0.15,15,False
RSPO1,0.15,15,False
CCL13,0.15,15,False
AK1,0.15,15,False
AIF1,0.15,15,False
POLR2F,0.15,15,False
GP5,0.15,15,False
ZFYVE19,0.15,15,False
GLB1,0.15,15,False
SCARB2,0.15,15,False
GBP1,0.15,15,False
BAP18,0.15,15,False
EIF2AK3,0.15,15,False
EIF5,0.15,15,False
EIF2S2,0.15,15,False
RASSF2,0.15,15,False
DYNLT3,0.15,15,False
PRTN3,0.15,15,False
PPP1R12A,0.15,15,False
FUT8,0.15,15,False
MCFD2,0.15,15,False
PRDX3,0.15,15,False
EFEMP1,0.15,15,False
CANT1,0.15,15,False
MANSC1,0.15,15,False
CASP10,0.15,15,False
FSTL1,0.15,15,False
FLRT2,0.15,15,False
FABP3,0.14,14,False
FARSA,0.14,14,False
FCER2,0.14,14,False
EPHA2,0.14,14,False
ERP44,0.14,14,False
AKT3,0.14,14,False
ACAA1,0.14,14,False
LRRC25,0.14,14,False
RARRES2,0.14,14,False
PAXX,0.14,14,False
HYOU1,0.14,14,False
TBC1D5,0.14,14,False
IKBKG,0.14,14,False
STXBP3,0.14,14,False
PAGR1,0.14,14,False
GADD45GIP1,0.14,14,False
ANXA4,0.14,14,False
LPP,0.14,14,False
LGALS8,0.14,14,False
LONP1,0.14,14,False
YAP1,0.14,14,False
PPCDC,0.14,14,False
LETM1,0.14,14,False
CD164,0.14,14,False
ULBP2,0.14,14,False
KYAT1,0.14,14,False
CLMP,0.14,14,False
CLIP2,0.14,14,False
IL12RB1,0.14,14,False
IL16,0.14,14,False
TDRKH,0.14,14,False
TBL1X,0.14,14,False
SOX9,0.14,14,False
ARSA,0.14,14,False
SMS,0.14,14,False
SNRPB2,0.14,14,False
CLEC11A,0.14,14,False
CPXM2,0.14,14,False
HNRNPUL1,0.14,14,False
CSF1R,0.14,14,False
DNM3,0.14,14,False
CD226,0.14,14,False
CD27,0.14,14,False
LCN2,0.14,14,False
DNAJB6,0.14,14,False
SEL1L,0.14,14,False
GCNT1,0.14,14,False
YOD1,0.14,14,False
CD99,0.14,14,False
PLSCR3,0.14,14,False
LARP1,0.14,14,False
RNF41,0.14,14,False
LAMTOR5,0.14,14,False
CCN4,0.14,14,False
NEK7,0.14,14,False
LBR,0.14,14,False
DLL1,0.14,14,False
DTNB,0.14,14,False
HSPA1A,0.14,14,False
TANK,0.14,14,False
PTGES2,0.14,14,False
ASRGL1,0.14,14,False
ELOB,0.14,14,False
NECAP2,0.14,14,False
UBE2B,0.14,14,False
SEMA3F,0.14,14,False
CDNF,0.14,14,False
PKN3,0.14,14,False
JAM2,0.14,14,False
NACC1,0.14,14,False
TNIP1,0.14,14,False
PEAR1,0.14,14,False
TTF2,0.14,14,False
NDUFS6,0.14,14,False
CHMP6,0.14,14,False
CEP170,0.14,14,False
ING1,0.14,14,False
TSPYL1,0.14,14,False
SH3GLB2,0.14,14,False
SESTD1,0.14,14,False
PEBP1,0.14,14,False
ITGB1BP2,0.14,14,False
CD72,0.14,14,False
ANGPT1,0.14,14,False
DAPP1,0.14,14,False
DBN1,0.14,14,False
ADAMTSL2,0.14,14,False
DAPK2,0.14,14,False
UROD,0.14,14,False
SCN4B,0.14,14,False
CD40LG,0.14,14,False
DDX58,0.14,14,False
GNPDA2,0.14,14,False
NMT1,0.14,14,False
CLEC4D,0.14,14,False
CLEC14A,0.14,14,False
ECI2,0.14,14,False
AGRN,0.14,14,False
CST3,0.14,14,False
TNFRSF1A,0.14,14,False
NAGA,0.14,14,False
EIF4G3,0.14,14,False
PSMG3,0.14,14,False
DSC2,0.14,14,False
ARHGAP1,0.14,14,False
RNF149,0.14,14,False
ATP6V1G1,0.14,14,False
MDM1,0.14,14,False
CASP8,0.14,14,False
MAP2,0.14,14,False
BTC,0.14,14,False
RP2,0.14,14,False
CSNK2A1,0.14,14,False
CTSD,0.14,14,False
PENK,0.14,14,False
ITGB5,0.14,14,False
SMAD2,0.14,14,False
PECAM1,0.14,14,False
PTPN6,0.14,14,False
TMED8,0.13,13,False
NPPC,0.13,13,False
NFAT5,0.13,13,False
TIMP3,0.13,13,False
SNX2,0.13,13,False
HAVCR2,0.13,13,False
CSF1,0.13,13,False
ASGR1,0.13,13,False
CORO1A,0.13,13,False
AKT2,0.13,13,False
EHD3,0.13,13,False
MANF,0.13,13,False
CAMKK1,0.13,13,False
ESAM,0.13,13,False
FKBP1B,0.13,13,False
EFNA4,0.13,13,False
VEGFC,0.13,13,False
PLCB2,0.13,13,False
CD99L2,0.13,13,False
KIF22,0.13,13,False
CD48,0.13,13,False
VSIR,0.13,13,False
DNMBP,0.13,13,False
LAP3,0.13,13,False
PPP1R14A,0.13,13,False
LGALS1,0.13,13,False
WASHC3,0.13,13,False
CD300E,0.13,13,False
ABL1,0.13,13,False
CCN2,0.13,13,False
WWP2,0.13,13,False
HNMT,0.13,13,False
HGS,0.13,13,False
AP2B1,0.13,13,False
PAFAH2,0.13,13,False
SPRY2,0.13,13,False
OXCT1,0.13,13,False
BID,0.13,13,False
PAK4,0.13,13,False
PGD,0.13,13,False
PFKFB2,0.13,13,False
NEDD4L,0.13,13,False
CHAC2,0.13,13,False
SERPINF1,0.13,13,False
CDH1,0.13,13,False
CYB5R2,0.13,13,False
CDKN2D,0.13,13,False
CDC27,0.13,13,False
CXCL3,0.13,13,False
NAA10,0.13,13,False
AHNAK,0.13,13,False
TXNRD1,0.13,13,False
PMVK,0.13,13,False
ITPA,0.13,13,False
CD93,0.13,13,False
NPDC1,0.13,13,False
IL18BP,0.13,13,False
PIK3IP1,0.13,13,False
GP1BB,0.13,13,False
DHRS4L2,0.13,13,False
GOLM2,0.13,13,False
DENR,0.13,13,False
SERPINB9,0.13,13,False
SERPINE2,0.13,13,False
PMM2,0.13,13,False
CD69,0.13,13,False
CD63,0.13,13,False
GGCT,0.13,13,False
GIGYF2,0.13,13,False
CD79B,0.13,13,False
GRK5,0.13,13,False
SMNDC1,0.13,13,False
PECR,0.13,13,False
EIF4G1,0.13,13,False
PSRC1,0.13,13,False
NAP1L4,0.13,13,False
PSME2,0.13,13,False
NAGK,0.13,13,False
PDGFB,0.13,13,False
IL7,0.13,13,False
TNFRSF1B,0.13,13,False
SOD1,0.13,13,False
GPI,0.13,13,False
PDCD1,0.13,13,False
PCDH17,0.13,13,False
ATG4A,0.13,13,False
BECN1,0.13,13,False
TNFRSF11A,0.13,13,False
PDE5A,0.13,13,False
HSPG2,0.13,13,False
ASPSCR1,0.13,13,False
COL15A1,0.13,13,False
COPB2,0.13,13,False
OGFR,0.13,13,False
SUSD1,0.13,13,False
RANBP1,0.13,13,False
TAB2,0.13,13,False
MCEMP1,0.13,13,False
MDK,0.13,13,False
BACH1,0.13,13,False
MAVS,0.13,13,False
RHOC,0.13,13,False
EFCAB2,0.13,13,False
PRKAB1,0.13,13,False
FXYD5,0.13,13,False
PRDX5,0.12,12,False
DUT,0.12,12,False
MAX,0.12,12,False
LTBR,0.12,12,False
MAP3K5,0.12,12,False
LYN,0.12,12,False
ARFIP1,0.12,12,False
LZTFL1,0.12,12,False
ACYP1,0.12,12,False
S100A4,0.12,12,False
DPY30,0.12,12,False
DRG2,0.12,12,False
AK2,0.12,12,False
DTD1,0.12,12,False
SRPK2,0.12,12,False
ST13,0.12,12,False
ANXA3,0.12,12,False
OPLAH,0.12,12,False
IFT20,0.12,12,False
SYTL4,0.12,12,False
TADA3,0.12,12,False
OPHN1,0.12,12,False
ENO1,0.12,12,False
RABEP1,0.12,12,False
RAD23B,0.12,12,False
ATXN10,0.12,12,False
AP3S2,0.12,12,False
ILKAP,0.12,12,False
BNIP2,0.12,12,False
PCYT2,0.12,12,False
AAMDC,0.12,12,False
SLMAP,0.12,12,False
SMAD3,0.12,12,False
PCBP2,0.12,12,False
SORT1,0.12,12,False
BDNF,0.12,12,False
DAAM1,0.12,12,False
GRN,0.12,12,False
GRPEL1,0.12,12,False
GRSF1,0.12,12,False
SLA2,0.12,12,False
IRAK1,0.12,12,False
TOMM20,0.12,12,False
TP53I3,0.12,12,False
TST,0.12,12,False
TRIAP1,0.12,12,False
TRIM5,0.12,12,False
TRIM58,0.12,12,False
IMPACT,0.12,12,False
CHM,0.12,12,False
CERT,0.12,12,False
KAZN,0.12,12,False
KHK,0.12,12,False
MYO9B,0.12,12,False
ADD1,0.12,12,False
JAM3,0.12,12,False
TXNDC9,0.12,12,False
TYMP,0.12,12,False
PF4,0.12,12,False
CD59,0.12,12,False
MITD1,0.12,12,False
SCPEP1,0.12,12,False
GIPC3,0.12,12,False
DKK1,0.12,12,False
PIKFYVE,0.12,12,False
DDHD2,0.12,12,False
GMFG,0.12,12,False
GMPR2,0.12,12,False
PHYKPL,0.12,12,False
TIA1,0.12,12,False
THTPA,0.12,12,False
ARSB,0.12,12,False
NFX1,0.12,12,False
NUDT5,0.12,12,False
TIMM10,0.12,12,False
TIMM8A,0.12,12,False
TJAP1,0.12,12,False
SNCA,0.12,12,False
SNX15,0.12,12,False
CSDE1,0.12,12,False
CD2AP,0.12,12,False
VPS37A,0.12,12,False
MOCS2,0.12,12,False
DOK1,0.12,12,False
GFER,0.12,12,False
DNAJC21,0.12,12,False
DNPH1,0.12,12,False
PLXNA4,0.12,12,False
DNAJB1,0.12,12,False
DNAJB14,0.12,12,False
DNAJB2,0.12,12,False
PLEKHO1,0.12,12,False
PLIN3,0.12,12,False
CD46,0.12,12,False
RRM2B,0.12,12,False
RTN4IP1,0.12,12,False
PPME1,0.12,12,False
PPP1CC,0.12,12,False
SCAMP3,0.12,12,False
BAIAP2,0.12,12,False
ACRBP,0.12,12,False
CCL5,0.12,12,False
APPL2,0.12,12,False
XRCC4,0.12,12,False
UBE2Z,0.12,12,False
CLPP,0.12,12,False
NUB1,0.12,12,False
NUDT16,0.12,12,False
NRGN,0.12,12,False
IGSF3,0.12,12,False
PALM2,0.12,12,False
SRC,0.12,12,False
SULT1A1,0.12,12,False
FYB1,0.12,12,False
LRP11,0.12,12,False
EGLN1,0.12,12,False
EREG,0.12,12,False
EGF,0.12,12,False
EFNA1,0.12,12,False
FKBP5,0.12,12,False
FOXJ3,0.12,12,False
FOXO1,0.12,12,False
FABP5,0.12,12,False
RAB27B,0.12,12,False
RAB2B,0.12,12,False
ERP29,0.11,11,False
QDPR,0.11,11,False
RAB10,0.11,11,False
RAB11FIP3,0.11,11,False
FGD3,0.11,11,False
FIS1,0.11,11,False
FKBP4,0.11,11,False
ALCAM,0.11,11,False
EPHB4,0.11,11,False
ESYT2,0.11,11,False
EVI5,0.11,11,False
PPBP,0.11,11,False
PPIB,0.11,11,False
RRAS,0.11,11,False
FNTA,0.11,11,False
CA13,0.11,11,False
LRRFIP1,0.11,11,False
PACS2,0.11,11,False
MESD,0.11,11,False
LAT,0.11,11,False
LAT2,0.11,11,False
MED18,0.11,11,False
YTHDF3,0.11,11,False
LRCH4,0.11,11,False
RNF5,0.11,11,False
PRKRA,0.11,11,False
PPM1F,0.11,11,False
PARK7,0.11,11,False
STIP1,0.11,11,False
SUGT1,0.11,11,False
SUGP1,0.11,11,False
TAX1BP1,0.11,11,False
TARS1,0.11,11,False
TARBP2,0.11,11,False
MIF,0.11,11,False
TBC1D23,0.11,11,False
PDAP1,0.11,11,False
SPART,0.11,11,False
NT5C,0.11,11,False
HPSE,0.11,11,False
CRYBB1,0.11,11,False
IMPA1,0.11,11,False
AP3B1,0.11,11,False
HCLS1,0.11,11,False
SNAP23,0.11,11,False
CRADD,0.11,11,False
CRACR2A,0.11,11,False
IGSF8,0.11,11,False
BLOC1S3,0.11,11,False
NFKB1,0.11,11,False
NFU1,0.11,11,False
NEXN,0.11,11,False
COMT,0.11,11,False
COMMD1,0.11,11,False
IGBP1,0.11,11,False
OTUD7B,0.11,11,False
STXBP1,0.11,11,False
STX4,0.11,11,False
STK24,0.11,11,False
MTHFSD,0.11,11,False
MPIG6B,0.11,11,False
UBE2L6,0.11,11,False
DBNL,0.11,11,False
DARS1,0.11,11,False
SPARC,0.11,11,False
THBD,0.11,11,False
TGFB1,0.11,11,False
CLEC1B,0.11,11,False
SMAD1,0.11,11,False
TNFRSF14,0.11,11,False
NIT2,0.11,11,False
TRAF2,0.11,11,False
CHMP1A,0.11,11,False
INPP5D,0.11,11,False
INPP1,0.11,11,False
NCK2,0.11,11,False
CETN2,0.11,11,False
CTF1,0.11,11,False
MZT1,0.11,11,False
SKAP2,0.11,11,False
ABRAXAS2,0.11,11,False
SIRT2,0.11,11,False
BAX,0.11,11,False
CDC42BPB,0.11,11,False
JPT2,0.11,11,False
ARHGEF10,0.11,11,False
MTSS2,0.11,11,False
PLA2G4A,0.11,11,False
CD40,0.11,11,False
TXLNA,0.11,11,False
BRAP,0.11,11,False
PLXNB3,0.11,11,False
DNAJA2,0.11,11,False
DNM1,0.11,11,False
DNAJC9,0.11,11,False
AIFM1,0.11,11,False
GLRX5,0.11,11,False
DECR1,0.11,11,False
GNE,0.11,11,False
PNMA1,0.11,11,False
SEMA4D,0.11,11,False
VTA1,0.11,11,False
DOK2,0.11,11,False
VTI1A,0.11,11,False
SAMD9L,0.11,11,False
BAG6,0.11,11,False
LATS1,0.11,11,False
UBXN1,0.11,11,False
LACTB2,0.11,11,False
YARS1,0.11,11,False
UFD1,0.11,11,False
VPS28,0.11,11,False
NDUFB7,0.11,11,False
NECTIN4,0.11,11,False
TPD52L2,0.11,11,False
IST1,0.11,11,False
TRIM25,0.11,11,False
TSNAX,0.11,11,False
IRAK4,0.11,11,False
CEP43,0.11,11,False
CEP20,0.11,11,False
MYH9,0.11,11,False
AHCY,0.11,11,False
SYAP1,0.11,11,False
AXIN1,0.11,11,False
REEP4,0.11,11,False
PSME1,0.11,11,False
EIF4B,0.11,11,False
EIF4E,0.11,11,False
CAMSAP1,0.11,11,False
CALCOCO1,0.11,11,False
RAPGEF2,0.11,11,False
ANXA11,0.11,11,False
PTRHD1,0.11,11,False
ATXN3,0.11,11,False
IFIT3,0.11,11,False
SERPINE1,0.11,11,False
AKT1S1,0.11,11,False
ELAC1,0.11,11,False
MARS1,0.11,11,False
ENO2,0.11,11,False
ACADSB,0.11,11,False
F2R,0.11,11,False
ADAM9,0.11,11,False
DTYMK,0.11,11,False
FXN,0.11,11,False
CC2D1A,0.11,11,False
PPP3R1,0.11,11,False
SDCCAG8,0.11,11,False
DFFA,0.11,11,False
DLG4,0.11,11,False
GGACT,0.11,11,False
GLOD4,0.11,11,False
PPP1R2,0.11,11,False
MINK1,0.11,11,False
PPIF,0.1,10,False
ARF6,0.1,10,False
LRRC59,0.1,10,False
METAP1D,0.1,10,False
YES1,0.1,10,False
PRKG1,0.1,10,False
RWDD1,0.1,10,False
BAG4,0.1,10,False
ERBIN,0.1,10,False
FKBP14,0.1,10,False
FHIT,0.1,10,False
MDH1,0.1,10,False
FAM172A,0.1,10,False
ANKMY2,0.1,10,False
HEXIM1,0.1,10,False
CRELD2,0.1,10,False
HARS1,0.1,10,False
GTPBP2,0.1,10,False
HPCAL1,0.1,10,False
NFE2,0.1,10,False
CRYZL1,0.1,10,False
HS1BP3,0.1,10,False
RPE,0.1,10,False
SARG,0.1,10,False
MGMT,0.1,10,False
MGLL,0.1,10,False
TBCC,0.1,10,False
BIRC2,0.1,10,False
P4HB,0.1,10,False
ICA1,0.1,10,False
AP1G2,0.1,10,False
STK11,0.1,10,False
PDLIM7,0.1,10,False
GRHPR,0.1,10,False
MSRA,0.1,10,False
DBI,0.1,10,False
CIAPIN1,0.1,10,False
NIT1,0.1,10,False
CIRBP,0.1,10,False
PDCD5,0.1,10,False
TNFAIP8L2,0.1,10,False
TREML1,0.1,10,False
NCR1,0.1,10,False
HNRNPK,0.1,10,False
HDGFL2,0.1,10,False
KIFBP,0.1,10,False
TXNDC5,0.1,10,False
LDLRAP1,0.1,10,False
DAB2,0.1,10,False
IPCEF1,0.1,10,False
PHACTR2,0.1,10,False
DCTN1,0.1,10,False
SERPINB6,0.1,10,False
DNAJC6,0.1,10,False
PLPBP,0.1,10,False
SERPINB1,0.1,10,False
TOP2B,0.1,10,False
GRAP2,0.1,10,False
INPPL1,0.1,10,False
MYDGF,0.1,10,False
L3HYPDH,0.1,10,False
WASF1,0.1,10,False
GCC1,0.1,10,False
PPP1R9B,0.1,10,False
DXO,0.1,10,False
AKR1B1,0.1,10,False
CASP3,0.1,10,False
CASP7,0.1,10,False
FKBPL,0.1,10,False
RGS10,0.1,10,False
RILP,0.1,10,False
RILPL2,0.1,10,False
EIF2AK2,0.1,10,False
ARHGEF1,0.1,10,False
VAV3,0.1,10,False
VASP,0.1,10,False
VAMP8,0.1,10,False
VASH1,0.1,10,False
USP8,0.1,10,False
GIT1,0.1,10,False
TACC3,0.1,10,False
BIN2,0.1,10,False
OGA,0.1,10,False
ZBTB16,0.1,10,False
MAP4K5,0.1,10,False
MAP2K6,0.1,10,False
CNST,0.1,10,False
CASP2,0.1,10,False
PTPN1,0.1,10,False
RABGAP1L,0.1,10,False
RAB33A,0.1,10,False
PRTFDC1,0.1,10,False
CASC3,0.1,10,False
CALCOCO2,0.1,10,False
RBM17,0.1,10,False
RBPMS2,0.1,10,False
PSTPIP2,0.09,9,False
AZI2,0.09,9,False
CNP,0.09,9,False
CNPY4,0.09,9,False
YWHAQ,0.09,9,False
EBAG9,0.09,9,False
MAP2K1,0.09,9,False
PRKAR2A,0.09,9,False
PRKAR1A,0.09,9,False
MINDY1,0.09,9,False
TWF2,0.09,9,False
FLI1,0.09,9,False
F11R,0.09,9,False
DGKA,0.09,9,False
SEC31A,0.09,9,False
PPP2R5A,0.09,9,False
DIABLO,0.09,9,False
SHMT1,0.09,9,False
GOPC,0.09,9,False
ATP5IF1,0.09,9,False
GP6,0.09,9,False
ARL2BP,0.09,9,False
CDC37,0.09,9,False
MTSS1,0.09,9,False
SELP,0.09,9,False
FADD,0.09,9,False
FAM13A,0.09,9,False
CACYBP,0.09,9,False
METAP2,0.09,9,False
YJU2,0.09,9,False
SCARF1,0.09,9,False
STAMBP,0.09,9,False
SSNA1,0.09,9,False
TNFSF14,0.09,9,False
PDIA4,0.09,9,False
PDLIM5,0.09,9,False
XIAP,0.09,9,False
MECR,0.09,9,False
MPI,0.09,9,False
MPHOSPH8,0.09,9,False
ARHGEF12,0.09,9,False
SNX9,0.09,9,False
MTDH,0.09,9,False
BCR,0.09,9,False
DAG1,0.09,9,False
TBCB,0.09,9,False
SNX5,0.09,9,False
TALDO1,0.09,9,False
NUMB,0.09,9,False
CMIP,0.09,9,False
HHEX,0.09,9,False
NFATC1,0.09,9,False
NUDC,0.09,9,False
NARS1,0.09,9,False
TMSB10,0.09,9,False
ATG16L1,0.09,9,False
SLC9A3R1,0.09,9,False
HTRA2,0.09,9,False
TBCA,0.09,9,False
USP25,0.08,8,False
USO1,0.08,8,False
EHBP1,0.08,8,False
RGCC,0.08,8,False
OTUD6B,0.08,8,False
MAPKAPK2,0.08,8,False
ARHGAP45,0.08,8,False
CACNB3,0.08,8,False
NAA80,0.08,8,False
DCTD,0.08,8,False
GORASP2,0.08,8,False
GATD3,0.08,8,False
VPS53,0.08,8,False
VPS4B,0.08,8,False
NSFL1C,0.08,8,False
BCL2L1,0.08,8,False
CRKL,0.08,8,False
STK4,0.08,8,False
SNAP29,0.08,8,False
EEF1D,0.07,7,False
BANK1,0.07,7,False
CDKN1A,0.07,7,False
ACOT13,0.07,7,False
MTIF3,0.07,7,False
PIBF1,0.07,7,False
SH2B3,0.07,7,False
STAT2,0.07,7,False
CETN3,0.07,7,False
STAT5B,0.07,7,False
CMC1,0.06,6,False
