eid,Ethnic,time,Is_Incident,age,sex,smoking status,Diabetes_baseline,Cholesterol_treatment,hdl_cholesterol,non_hdl_cholesterol,hypertension_treatment,average_SBP,eGFR,BMI
SYNTHETIC_0000,3001,4152,0,52,1,1,0,0,1.69272856333437,2.898015500400196,1,146.67059425289688,80.13656983634895,22.792774931818258
SYNTHETIC_0001,3001,3384,0,55,1,1,0,0,1.1493427425227039,4.35399469750228,1,132.63174276159276,79.62240037864399,22.673074967172745
SYNTHETIC_0002,1,1153,1,57,1,1,0,0,1.3805854499737604,3.3482709321428117,1,106.03373262453763,91.8561024452921,30.8059358424083
SYNTHETIC_0003,3001,1136,1,49,0,1,0,1,1.767300817245713,3.7746176781377487,0,150.87921857915558,87.90282203851933,25.38656015228587
SYNTHETIC_0004,1,2589,0,48,1,0,0,0,1.7465505466256663,2.592659824240018,1,100.7703686709916,106.00986256472453,24.98532880209097
SYNTHETIC_0005,3001,268,1,71,1,1,0,0,1.4375001613953045,3.0069543698373553,1,144.60339401181594,104.6269245626021,26.98918210851461
SYNTHETIC_0006,3,2972,0,45,0,0,0,1,2.286776160744072,3.3538747749714357,0,125.7260429103949,92.11488692077252,26.211052114289288
SYNTHETIC_0007,1,5256,0,63,1,1,0,0,1.8965833593326793,3.2374527951231604,0,107.11827811385868,73.40829481253297,23.457871348602357
SYNTHETIC_0008,4,5094,0,42,0,0,0,0,0.8795459383929044,2.646459690536794,0,137.499126377983,88.10762144991877,32.783232397170636
SYNTHETIC_0009,1,5348,0,51,0,1,1,0,1.245193880251659,2.410471448696974,0,109.08783096830228,101.77262960614772,21.441782655637176
SYNTHETIC_0010,1001,287,1,55,0,0,0,0,1.4378130316889801,4.081093885252728,0,139.6236897054032,95.236462212322,28.78139216638595
SYNTHETIC_0011,1,4783,0,70,0,0,0,0,2.215138905767096,2.9076455350545363,0,140.9945598955521,88.52223704632844,24.872121319573907
SYNTHETIC_0012,4,2550,1,65,1,1,0,0,1.8928391187765,2.8686294719586263,0,112.36664484742418,72.25322267706686,32.684875204464355
SYNTHETIC_0013,1001,761,1,50,0,1,0,1,1.117635128261504,2.6195101673597314,0,131.46198964119162,100.1040828865297,26.966546443401327
SYNTHETIC_0014,1,4760,1,48,1,1,0,0,1.4922674740559172,4.154920179249305,0,131.45221058072386,82.61862914195335,30.006833330389828
SYNTHETIC_0015,4,4038,0,47,1,1,1,0,1.4690667027080249,2.382066676369382,0,105.84568536921833,64.23770000317933,26.43366630786784
SYNTHETIC_0016,1,2041,1,67,0,0,1,0,1.2835008333387679,3.1549157192362434,0,153.0049096384147,79.95233456436632,36.89430911339822
SYNTHETIC_0017,1001,2871,1,43,0,1,0,0,1.302791565171339,2.7186992504597565,0,122.19302793771823,81.08604570159753,29.823484298992415
SYNTHETIC_0018,1,541,1,68,1,0,0,0,1.6385720952203708,3.4722681954601557,0,109.46697259025876,86.27110517653486,24.746068593944415
SYNTHETIC_0019,1001,3834,1,62,1,1,0,0,1.5343793085505386,4.915604576571606,0,129.83965306113205,91.20732834854299,34.75349204842413
SYNTHETIC_0020,3001,1328,1,65,1,0,0,0,1.1813421637873207,4.748719572240923,1,129.1831627780366,95.83321530372328,31.625063819119404
SYNTHETIC_0021,1,3148,0,50,0,0,0,0,1.6565143440390713,4.411458202732357,1,129.43816212637074,79.5354064837155,27.122295463249184
SYNTHETIC_0022,3,227,1,61,0,1,0,0,1.063262800521226,3.083933201007273,0,129.9930679973124,69.75502122037929,29.530048355721668
SYNTHETIC_0023,4,1591,1,72,1,0,0,0,1.6064562721217301,4.690672937700806,1,135.7757455801057,79.58574419962974,20.58772281479039
SYNTHETIC_0024,1,1110,1,62,1,1,0,1,1.8080210232982303,3.6201934087345524,0,130.92752782636785,63.15044724872608,30.45111754629341
SYNTHETIC_0025,4,2083,1,50,0,0,0,0,1.092433627259332,2.32248190228086,0,146.17714302707967,118.87866146020033,25.02918099351683
SYNTHETIC_0026,1,1495,1,50,0,0,0,1,1.2975337361352905,2.2493195760429483,0,116.966918547583,90.68790936052763,23.150090091470716
SYNTHETIC_0027,3,271,1,47,1,1,0,1,1.0650874795052898,3.014317168232378,0,144.64157739207712,104.50916801101283,27.048505039145706
SYNTHETIC_0028,1001,13,1,74,0,1,0,0,1.4398711277269929,4.102288603679735,0,163.49523164834955,71.06665428675439,24.26373056041432
SYNTHETIC_0029,1,3000,1,56,0,0,0,0,1.2482360546186848,2.7931214829393944,0,136.51818063474184,82.49349764971123,17.828609747181027
SYNTHETIC_0030,1,3749,1,66,1,1,0,0,1.107821465667297,3.2503117075684336,0,119.9032063105447,99.18313753394551,25.811145216118188
SYNTHETIC_0031,1001,484,1,59,0,0,0,0,0.5631978793443888,4.103946297835794,1,145.44650305955076,91.12491065183752,25.956309766503416
SYNTHETIC_0032,1,2677,1,56,1,0,0,0,1.0287549782414347,2.563136564985592,1,134.44347681443438,99.52248619630132,28.46919087905219
SYNTHETIC_0033,1,727,1,41,1,0,0,0,1.4565349446566092,3.631520351674291,0,144.67076670176502,72.63129968595995,35.62858497088296
SYNTHETIC_0034,4,1901,1,50,1,1,0,0,1.5580858920316771,3.8835431748912344,0,124.39070800221097,77.85822457782902,24.392609317384327
SYNTHETIC_0035,4,7121,0,42,1,0,0,1,1.2559849604518158,4.704440475631755,0,128.61199132157316,73.07452723041484,21.89441064931446
SYNTHETIC_0036,1,3740,1,43,1,1,0,0,1.3012291252074195,3.786353983469755,0,111.47976323237727,77.25130584391141,29.564534869315384
SYNTHETIC_0037,3001,6765,0,51,1,1,0,1,1.4790707293171799,3.482948400216111,1,141.4666491359102,72.8316471813423,20.88701480691534
SYNTHETIC_0038,1,693,1,74,0,0,1,0,1.2285511903646071,3.535203222419092,0,150.1637148826341,99.79903303286125,21.479008588306264
SYNTHETIC_0039,3,143,1,62,1,0,0,0,1.1569510240303083,2.983009389904561,1,153.12623432933793,78.67734179120818,29.5066677083943
SYNTHETIC_0040,1001,4701,0,54,0,0,0,0,1.1525442659203362,3.9617658241058167,0,104.38887912697102,78.7312643327269,27.785833131431662
SYNTHETIC_0041,1,1940,1,70,1,0,0,1,1.4662336497004045,3.1448909995254604,1,150.78839923796073,68.43051668739409,21.89842970045147
SYNTHETIC_0042,3001,4462,0,45,1,0,0,0,1.3447347263894758,4.77933513183042,0,116.3971784183801,92.32966338269887,26.216482260944826
SYNTHETIC_0043,1,334,1,69,0,0,0,1,1.0979429162908603,3.2482660668527847,0,157.8649674468115,65.08972830971513,27.02092398932518
SYNTHETIC_0044,3,1858,1,50,0,0,0,1,0.9202222145034833,4.918370744994279,0,147.22940861458062,79.42807534752691,27.3325981040364
SYNTHETIC_0045,1,1972,1,50,0,0,0,0,1.2850313572072514,3.592600650768824,1,135.50764961004506,87.60600070916806,23.797639356614088
SYNTHETIC_0046,1,6521,1,53,1,0,0,0,1.6366842604185012,3.144260731785812,0,89.90486513714815,91.95145538377409,23.971932141473047
SYNTHETIC_0047,1,4035,1,53,1,1,0,0,1.8090392303620582,4.532232298622243,1,139.09616637852912,76.37957707467541,29.39354517013902
SYNTHETIC_0048,1,1673,1,45,0,1,0,0,1.348374513506234,3.7934362624975817,0,113.03891336524384,95.07090196113242,31.917921123316145
SYNTHETIC_0049,3,1159,1,74,0,1,0,0,1.2630106574957662,2.752483180268061,1,122.77729177466448,100.88816554527659,26.434143794018155
SYNTHETIC_0050,1001,3426,1,40,1,0,0,0,1.426041321793674,4.048249479671799,0,111.87835107548099,69.65878065816241,30.285324754847483
SYNTHETIC_0051,3001,6319,1,55,1,0,0,0,0.9412420901802863,4.267001207730525,1,136.17826159739775,81.71793121179368,28.898598673050937
SYNTHETIC_0052,1,4093,0,64,0,0,0,0,1.863807201676451,2.878165448234029,0,127.39662900036126,69.66764705160125,29.540708725696103
SYNTHETIC_0053,4,1984,1,52,1,0,0,0,1.0114672916081233,3.40156145651627,0,133.47777724830655,91.26708264763067,29.767857917683976
SYNTHETIC_0054,3,902,1,49,0,0,1,0,1.4215624461470524,3.304431881129032,0,135.2228442412788,65.75339021708052,23.344934688866918
SYNTHETIC_0055,4,3612,0,51,1,0,0,0,1.882535145986628,3.0570913758193057,0,119.50556680146319,94.82885982615407,29.049014738502056
SYNTHETIC_0056,3,971,1,54,0,1,0,0,1.5545578967620275,4.096339356704937,0,143.02080058874222,100.99511958023575,21.297374043876104
SYNTHETIC_0057,1,1540,1,49,1,0,0,0,1.2508178747138008,3.4922089071636933,1,160.98738507857905,99.07486980252654,30.897178873329402
SYNTHETIC_0058,1,865,1,54,1,1,0,0,1.1916060387823026,4.606887190980242,1,155.99510747245975,65.95101416024706,29.923863816369213
SYNTHETIC_0059,1,1243,1,63,1,0,0,0,1.285056764171065,3.2390525681842584,0,112.19898988889766,97.94751077346915,29.11166618561756
SYNTHETIC_0060,1001,1664,1,69,1,1,0,0,1.3476546830349305,2.643277196164691,1,125.23608928505948,78.75917361323263,24.69549968486817
SYNTHETIC_0061,3001,3509,0,69,0,0,0,0,1.5081077600548967,3.1276096797929314,0,133.61450098859063,103.70441792592015,27.563557352474106
SYNTHETIC_0062,3001,1765,1,42,0,1,0,0,1.7105053041294669,3.624279354107405,0,142.46703501267467,100.85903666263214,25.25154427466802
SYNTHETIC_0063,1,21,1,61,0,1,0,0,1.1240527364241202,5.285813389298522,1,131.86366654427627,99.63019093479527,23.862400882687183
SYNTHETIC_0064,1001,830,1,55,0,0,0,1,1.3199554876969253,3.5149454288754205,0,141.86358377051633,77.79190954492736,25.075980221067304
SYNTHETIC_0065,1,2607,1,67,0,1,0,0,1.0742541301757027,3.585019225526699,1,143.69169400322488,76.60760483694766,21.610952462251586
SYNTHETIC_0066,4,3182,1,59,1,0,0,0,1.2678594607000038,4.1800697855782865,0,126.00973313472291,91.3808007931095,27.14654769133344
SYNTHETIC_0067,1,429,1,59,1,1,0,0,1.1913135220929092,2.861465421148554,0,125.44353054091374,100.30539337148247,31.998324352315542
SYNTHETIC_0068,3001,1327,1,63,1,1,0,0,1.2681151393321053,2.6574574569001292,0,132.36638587259174,80.27248027567408,33.06003582784312
SYNTHETIC_0069,3001,2598,0,40,0,0,0,0,1.3149579954919612,2.844255573451834,0,148.91905893854118,100.11488454512825,36.04089657690447
SYNTHETIC_0070,3,1292,1,60,1,0,1,0,1.5115238627589955,1.831264955822204,0,138.3188031743175,83.64792791293668,32.39317438977755
SYNTHETIC_0071,3001,1741,1,50,0,1,0,0,1.1901008962919337,4.372502421057244,0,143.19564121207915,100.0249463576827,25.148025153384353
SYNTHETIC_0072,1,992,1,56,1,0,0,0,1.2247003569862762,3.0272501511314385,0,136.81588649061842,77.11334983519345,26.319733226404885
SYNTHETIC_0073,3,335,1,49,1,0,0,1,1.679341257968491,3.1314949310608906,1,123.80638083304844,96.26987046418517,27.018704276728005
SYNTHETIC_0074,1,1194,1,67,0,1,0,0,1.5993079703809983,3.853729507775764,0,129.14341467855687,61.846492746559974,24.95135519097687
SYNTHETIC_0075,1,3215,1,67,0,1,0,0,1.5693475927307405,1.735553217326241,0,150.52472074369908,84.56466453721599,26.656730326572703
SYNTHETIC_0076,4,172,1,67,1,0,1,1,1.3030548167147333,2.0779743179757384,0,129.87407361221148,93.86857483015667,19.25786884385524
SYNTHETIC_0077,1,4729,0,40,1,0,0,0,1.4551394712528083,4.621870540203405,0,98.158120870792,94.0950626586772,26.189374182917494
SYNTHETIC_0078,3,7062,1,46,1,0,0,0,1.4058416351288663,2.8495413549990922,1,124.14247823597319,83.42823558828644,23.45587187638586
SYNTHETIC_0079,1,615,1,57,1,0,0,0,1.2506407493279121,2.6825811374015096,0,106.48084034544804,96.87378385853751,32.113645210405785
SYNTHETIC_0080,1,3812,0,51,0,0,0,0,1.1865579201783518,3.25814600805601,1,135.51930171462328,91.52959754061384,26.351720538224924
SYNTHETIC_0081,1,138,1,72,0,1,0,0,0.933718560960848,2.1053829402491555,1,146.92003307500462,68.7074567710871,28.849519434191844
SYNTHETIC_0082,1001,3226,0,41,0,1,0,0,1.3764383828984952,2.833750491594941,1,126.75504951527039,81.80148235508628,26.462592665490245
SYNTHETIC_0083,1,4902,1,45,1,1,1,0,1.3717408720091744,3.559914463741285,0,142.34611856614472,62.59886193719524,26.739728978686976
SYNTHETIC_0084,1,2687,1,57,0,0,0,0,1.116033144951305,2.649572869801693,1,94.656065822063,109.03880173847628,20.630730242569573
SYNTHETIC_0085,1,943,1,65,1,0,0,0,1.6590556857924539,3.914760068105176,1,140.4374087910818,85.5873297829067,29.534704030501317
SYNTHETIC_0086,3,1,1,64,0,0,0,0,1.7581428966288766,4.2250940459804,0,127.50657812498045,81.96985074048823,30.309208457941438
SYNTHETIC_0087,1,4388,0,64,0,0,0,1,1.5578396026176702,3.213779670751779,0,137.05454714319262,84.36839152378747,22.053071778265263
SYNTHETIC_0088,1,1159,1,49,1,0,0,0,1.7577659993712222,3.7714363066784986,0,108.19590426872533,82.22158422922449,23.418935652362734
SYNTHETIC_0089,1,479,1,72,0,1,0,0,1.4011073051641507,3.1071820025931927,0,134.80658831194643,100.48658883062913,23.538142949453032
SYNTHETIC_0090,1,2472,1,70,1,1,0,0,1.2236348963442327,2.9533775508519717,0,126.3849165632652,71.56444030825394,28.280659228987584
SYNTHETIC_0091,1,643,1,50,0,1,0,1,1.4815948484181038,2.8790898470627626,1,121.4279671395147,94.29804792384212,26.056020722882643
SYNTHETIC_0092,1001,1845,1,48,0,0,0,0,1.435947369902315,4.235197064222243,0,123.04767662570192,96.01177408434553,25.6397387310469
SYNTHETIC_0093,1,6312,0,49,0,0,0,0,1.7249558939149654,3.388184847427161,1,99.64304044997883,102.52241543983638,32.28567566951918
SYNTHETIC_0094,1,838,1,61,1,1,0,1,1.9273390766694138,4.767166255369249,0,124.60872475262069,112.63467096842446,27.00988003596098
SYNTHETIC_0095,1,4312,0,45,1,0,0,0,1.3828953485396287,3.9743362991372506,0,102.4188806458035,77.15657784517,18.026099649260615
SYNTHETIC_0096,1,7392,0,47,1,0,0,0,1.2290405062755188,3.8174794085204335,1,134.69025742135713,93.15348146085138,32.08921120350511
SYNTHETIC_0097,4,5112,0,42,0,0,0,1,1.1467722016398896,3.926940751168061,0,127.49385419124044,74.65595981276311,18.23411290337205
SYNTHETIC_0098,1,652,1,47,1,0,0,0,1.3906969844736736,4.702528875946547,1,145.9958854945734,76.12908979861099,23.05041682391645
SYNTHETIC_0099,1001,2584,1,46,1,1,0,0,1.009551571979177,2.3055671521781296,0,104.6995912461542,68.40329399431857,27.063837702208946
SYNTHETIC_0100,1,150,1,55,1,0,0,0,1.076712206569768,3.84437884135398,1,139.80143907727285,67.79016463843743,31.74582121142008
SYNTHETIC_0101,4,6841,0,65,0,1,0,0,1.535459356513699,3.9327644635651735,1,98.19056344110305,99.55458135797302,30.245265552532217
SYNTHETIC_0102,1,1322,1,65,0,1,0,0,1.3254755672256653,2.7562544655247607,1,89.51977893349788,68.13042017799282,33.35452061396906
SYNTHETIC_0103,3001,4105,1,59,0,1,0,1,2.0474442279830867,3.3559993500655123,0,114.80944132107182,85.88361473445693,26.274330156414422
SYNTHETIC_0104,1,3380,0,71,0,1,0,1,1.790700153493799,2.588571289141179,1,114.42680335962386,89.35694545607923,28.345761411903723
SYNTHETIC_0105,1001,342,1,51,0,0,0,0,1.6779078448613929,3.3603207073009247,0,120.37930696048848,84.3565221740707,24.135254932643633
SYNTHETIC_0106,1,945,1,73,0,0,0,0,1.6739081336538537,3.7997966599109514,1,140.66554787043498,101.55516505688374,26.84300688541664
SYNTHETIC_0107,1,110,1,57,1,1,0,1,1.4111640306089133,3.5421159026415263,0,119.58444426641715,100.33909556249998,29.13954846826187
SYNTHETIC_0108,1,3957,1,57,0,0,1,0,1.6237523347127114,3.9935165920975555,0,145.5058754484834,73.72614387768253,20.64534424680142
SYNTHETIC_0109,3001,476,1,67,1,1,0,0,1.1641524345530743,4.299861478860876,0,127.67907709195089,66.29409833532273,26.27120953099788
SYNTHETIC_0110,1,824,1,60,1,0,0,0,1.4248825342051579,2.3289923651784123,1,129.58743124025133,79.76067049654375,16.334552050322518
SYNTHETIC_0111,1,968,1,69,0,0,0,0,1.345921888602423,4.935070082130961,0,128.18647158368367,94.01425822288316,30.26528857757838
SYNTHETIC_0112,1,3158,0,59,1,1,0,0,1.2251356822378974,3.4340940437337544,0,111.64291906465266,83.38979088077204,26.4049887707303
SYNTHETIC_0113,1,3083,1,45,1,0,0,0,0.5538122927183712,3.561033656859522,0,127.31544563726582,111.39341599498175,28.294373280745326
SYNTHETIC_0114,4,3212,1,57,1,0,0,0,1.5252391317556029,3.2085169104571842,1,140.60906795476555,84.83866350820276,26.15405176628639
SYNTHETIC_0115,1,6299,0,47,0,0,0,0,1.3756706200103368,4.248367863667056,1,112.86773404779683,92.70928996130732,22.830094137391143
SYNTHETIC_0116,1,624,1,68,0,0,0,0,0.8975870396603167,2.1063252397207055,0,120.12343793518752,65.88676560883331,30.62359805355543
SYNTHETIC_0117,1,2055,1,40,1,0,1,0,1.5945751461430848,4.002803820723776,0,138.9834021429528,80.24731689142523,30.784942142157327
SYNTHETIC_0118,1001,866,1,59,1,0,0,0,1.4626323909732104,4.473522102960622,0,132.4201135722348,67.8732899459045,22.04983870362718
SYNTHETIC_0119,1001,2889,0,40,1,1,0,0,1.7288250613858454,5.199133360128022,0,143.37178515760186,106.29940544868805,25.699204340894898
SYNTHETIC_0120,1,978,1,59,1,1,1,1,1.2841387251567136,3.964327151760758,1,141.3335427716458,86.18755167716276,23.837458183569442
SYNTHETIC_0121,1,4370,1,68,1,0,0,1,1.1148424091420082,3.0697922378611517,0,150.24748740786814,49.80545400440754,25.852470015759657
SYNTHETIC_0122,1,3122,0,49,0,1,1,0,1.2332320579052107,2.1684901152959446,1,117.69600567205998,109.37547037496489,25.897957667501778
SYNTHETIC_0123,1001,1141,1,65,1,0,0,1,0.8996502544167394,3.972874915499533,0,136.04397298805014,95.29073884599173,30.812849267779406
SYNTHETIC_0124,1001,5084,1,51,1,1,1,0,1.6204740193055134,3.422731177522292,0,93.35808992900044,87.04185256255438,22.08160794164466
SYNTHETIC_0125,3001,6738,0,41,1,1,0,0,1.1810029812863512,3.2230288766779585,0,132.6573002376872,81.20050901946627,25.158365262791477
SYNTHETIC_0126,1001,2574,1,57,1,1,1,0,1.3931609566641872,3.1205471202258717,0,126.48872698848336,75.6487685793945,19.038075287028754
SYNTHETIC_0127,1,1327,1,72,1,1,0,0,1.3347438522621133,3.2553942891525116,0,128.5592395023027,81.83739698005053,27.950124569549732
SYNTHETIC_0128,1,4962,1,52,1,1,1,0,1.1641161951050805,3.077625928387594,0,140.3037545210008,101.09212645820006,18.27299746916876
SYNTHETIC_0129,1001,3970,1,59,0,1,0,0,1.8109046950053675,3.585168966970334,1,164.1373381959507,109.85566091614051,27.45800753512395
SYNTHETIC_0130,1001,5768,1,51,1,0,0,0,1.4637460048796231,1.9646172541896314,0,121.28989857314018,86.23409198097477,25.702478740557257
SYNTHETIC_0131,1,998,1,70,0,0,0,1,1.2974560029799092,4.386413944423717,1,123.01978806095192,69.78663381783662,27.788938072407745
SYNTHETIC_0132,3001,1162,1,44,1,0,0,0,1.15878639385603,3.4600814867066214,0,135.71238766629367,99.13765865019106,28.001212734092682
SYNTHETIC_0133,1,3154,1,58,1,1,0,0,1.5051409484495115,2.8838722257021865,0,120.3802892183674,93.28621840605035,30.16414129027889
SYNTHETIC_0134,1,1611,1,56,1,0,0,0,1.318939268571957,3.618819127293991,1,113.18233882309849,82.52237546875185,23.897008078116396
SYNTHETIC_0135,3001,5086,0,56,1,0,0,0,1.6735217917738014,2.4864133197385367,1,147.25378469526328,65.0807566410036,31.84522948228215
SYNTHETIC_0136,1,728,1,47,1,1,0,1,1.5258015184808862,4.22875565485685,0,135.59518828127057,112.56161951900782,27.04237966485638
SYNTHETIC_0137,4,6929,1,47,1,1,0,0,1.4240530950751082,3.4267298855721333,0,137.08952286818842,108.32956031499435,32.425702414383956
SYNTHETIC_0138,1,6331,0,48,1,0,0,0,1.1344748732296412,4.623466063278543,1,125.17852380542901,61.45357683476775,28.734531115254082
SYNTHETIC_0139,1,200,1,60,1,0,0,1,0.9693531568055918,4.747508385778459,0,167.78567849418232,79.87849618824767,32.515447204105946
SYNTHETIC_0140,3,2509,1,68,1,1,0,1,0.6758719082250554,4.441628229147698,0,158.1898945357684,93.13932528764909,34.725577457995364
SYNTHETIC_0141,1,2598,0,40,0,1,1,1,1.3957878662727858,3.5006550552260265,0,105.74327104685788,69.91481687959796,21.689759030213427
SYNTHETIC_0142,1,635,1,74,0,0,0,1,1.622807763521164,2.2959883009549857,0,139.40466626155919,91.27499715691556,22.21242904258066
SYNTHETIC_0143,1,2665,0,64,1,1,0,1,1.442729923696668,4.345235752953939,0,118.65839171926903,83.17839789035038,31.62395674114436
SYNTHETIC_0144,4,222,1,41,1,1,0,1,1.5103826899545836,3.333970713427899,0,117.4508737094042,66.30945818582583,21.149865650785586
SYNTHETIC_0145,1001,4131,1,48,0,0,0,1,1.2382232702659175,4.918887283203026,0,136.1270867644755,87.39144225396393,23.826905491535474
SYNTHETIC_0146,1001,2084,1,62,1,0,0,0,1.580226164070543,2.8521376260277376,0,119.54058331461594,79.70570723388423,23.89537239580368
SYNTHETIC_0147,4,1411,1,63,1,0,0,1,1.1200283567447344,4.201865297324229,1,157.7714917791154,86.18153815351359,28.928435981365382
SYNTHETIC_0148,4,1107,1,68,1,0,0,1,1.4584660110791159,3.627978611149141,0,136.20893792551558,87.50902071884339,24.20218398979173
SYNTHETIC_0149,1,3581,1,40,0,1,1,1,1.5530295612294023,2.3595368168567847,1,127.77998704428639,77.43825741851965,28.8008197993068
SYNTHETIC_0150,1,5511,0,42,0,1,1,0,1.6001382993822897,2.782219265001274,0,134.81868089449128,89.98006459101083,20.971234861485176
SYNTHETIC_0151,1,2840,1,62,0,1,1,1,1.724659982960719,4.064758616705385,0,143.8194327387159,93.22255989880017,27.0198716417143
SYNTHETIC_0152,1001,1830,1,59,1,0,0,0,1.4774752960895563,4.016265053257257,1,135.3383277231335,95.88322855987398,23.53137014245787
SYNTHETIC_0153,3001,4709,0,59,1,1,0,0,1.281235161853968,4.021520795147189,1,113.25402378295357,74.9876531029615,33.674901672090165
SYNTHETIC_0154,1001,6718,0,50,1,1,0,0,1.5013587184791721,2.7760963040315723,0,149.0966920145815,77.39940489874103,24.063622681929935
SYNTHETIC_0155,1,2094,1,73,0,0,0,0,1.5886155488717777,3.4482251901655863,0,91.3433110029385,99.91306976274981,26.50799531846061
SYNTHETIC_0156,3,1425,1,66,1,1,0,1,1.8115639452095222,1.6309849902969584,0,122.85199619229026,105.30526545760291,28.982764384308137
SYNTHETIC_0157,3,3886,0,46,1,0,0,0,1.4519427295733962,2.1605633345067226,0,133.59330497160423,76.89715366914092,23.082996565966916
SYNTHETIC_0158,3,2615,1,70,1,0,0,1,1.54641738760758,4.808742182510507,1,128.80122424430328,66.88866710939467,26.772365975046274
SYNTHETIC_0159,3,3764,1,69,1,0,0,0,1.1862608054700954,3.2959194694025276,0,140.94974441339048,109.51028235566113,33.01121164366249
SYNTHETIC_0160,1001,3195,1,56,0,0,0,0,1.4632611068304215,3.1858159192243622,0,136.38091074841986,84.73089846382929,31.01315607642811
SYNTHETIC_0161,1,2265,1,67,0,1,0,0,1.5021660522920939,3.1302710800401803,0,132.3579933789159,94.91164406143076,31.595011583710576
SYNTHETIC_0162,1,1738,1,71,1,0,0,0,0.9909236704834552,4.3820054212597785,0,120.08430075793056,101.01513570754982,35.82916440043515
SYNTHETIC_0163,1,2960,0,58,0,1,0,0,1.3522902184992358,2.9363307823300673,0,113.16632401088302,63.79537730488421,31.327651007305253
SYNTHETIC_0164,1001,934,1,55,0,0,0,0,1.4015335301595648,3.9021613102680615,1,136.44715129647707,87.53880262119517,24.177033965463952
SYNTHETIC_0165,1001,821,1,69,0,0,0,1,1.2610130347078847,3.7595504499359023,0,135.73602378155607,101.55490087462427,30.652984992545516
SYNTHETIC_0166,1,2611,0,62,0,0,0,0,1.3656725591003358,4.211394017082308,0,136.9149501377112,96.69113995662812,33.08434930816379
SYNTHETIC_0167,3001,3344,1,73,1,1,0,0,1.4291727181185268,4.413677772983193,0,140.96760973321716,70.51357572533821,28.4398547414499
SYNTHETIC_0168,1,3132,1,49,1,0,0,0,1.5555705001565092,2.067414087631228,0,166.09327899878548,76.51163736164222,29.863860769701557
SYNTHETIC_0169,1,4948,0,44,1,0,1,0,1.4931548694665575,4.072643715602881,0,158.53150502251717,73.97345909775633,25.31334894367812
SYNTHETIC_0170,3001,3219,0,71,1,0,0,1,1.5105234280721116,4.1986263544433156,0,138.5476060749388,88.63734580189497,23.316034629863694
SYNTHETIC_0171,1,1335,1,67,0,1,0,0,1.9853744390550983,3.3697071847578277,0,141.63536433112583,93.07359404442303,30.264050813374457
SYNTHETIC_0172,1,2733,1,58,1,1,0,0,1.4834539485076625,3.7906568032627566,1,133.86207955161183,108.44533536958679,33.92948988524941
SYNTHETIC_0173,1001,1053,1,64,1,1,1,0,1.5482558650844407,2.47745740056961,1,148.7669110078772,84.6983241226832,34.558340799866386
SYNTHETIC_0174,3001,1024,1,50,0,1,0,0,1.2096499202319393,3.4802120803713548,0,153.65276469344775,96.82985148023867,27.592579276101418
SYNTHETIC_0175,1,1236,1,63,0,1,0,0,1.3516787747651116,3.2128463207229987,1,139.37641713190834,75.34519528949062,30.508867302541635
SYNTHETIC_0176,1,3727,1,68,1,0,0,0,1.4370351605316662,2.04508361496777,0,143.63179130809988,71.41064106882499,20.452175559474334
SYNTHETIC_0177,3,699,1,46,0,0,0,0,1.8736164483517124,4.153426436623825,0,172.25286115580042,71.89029307863925,18.852279409805856
SYNTHETIC_0178,1,2729,1,53,1,0,0,1,1.20656460300627,3.5347597065576393,1,158.47352538684828,75.25783177458499,31.48653839255932
SYNTHETIC_0179,4,4085,1,65,0,1,0,0,1.703184595859347,3.48638752060668,1,110.35308994133295,85.12704937402839,28.56818746830775
SYNTHETIC_0180,1,719,1,64,0,0,0,0,1.3152575025813227,3.7691168289703048,0,133.33603488930777,81.29323808889767,32.04345814990204
SYNTHETIC_0181,1,5496,0,48,1,0,0,1,1.4883790578885416,4.253465618212057,0,116.26573060559116,102.29723167517467,23.094103356792296
SYNTHETIC_0182,4,457,1,69,1,0,0,1,1.1731413639661166,2.8744383921821752,0,126.79765717523901,109.07817077102635,31.338072361647257
SYNTHETIC_0183,1,1431,1,61,0,1,0,1,1.6099344135597882,3.856282511214718,0,110.50218435158617,91.76945214239372,32.740200585622375
SYNTHETIC_0184,1001,3545,1,60,1,0,0,1,1.4654434663169575,2.9979163453985875,1,130.9579493255712,94.9419934088916,26.586640363826742
SYNTHETIC_0185,1001,44,1,45,0,0,0,1,1.0564235035231468,2.9355215137829695,1,132.65553742334137,86.70183888811816,34.81642540105288
SYNTHETIC_0186,1,3221,1,42,0,0,0,0,1.5013480877697714,3.1472710018858434,1,126.09181628722236,128.27105767973853,30.206910543664012
SYNTHETIC_0187,4,261,1,72,1,0,0,0,1.6349412638843037,4.390359741387149,0,129.947327516499,91.79220383325567,26.26078754728627
SYNTHETIC_0188,1001,87,1,47,1,0,1,1,0.7178730252696245,4.837075658245112,1,86.55894409298651,97.58136583212605,27.20336707004382
SYNTHETIC_0189,1,1291,1,59,1,0,1,0,1.2060052924636686,2.557235207668043,0,138.97901413666975,120.86123132810528,25.31032402991383
SYNTHETIC_0190,1,912,1,73,0,0,0,0,1.5050064435534396,3.1551996702529146,1,138.0452175119402,82.50747785887056,19.096153984833144
SYNTHETIC_0191,3001,1231,1,47,1,0,1,0,1.4793549201930256,4.498918319129351,1,146.2692231587739,77.19742158001847,27.388153097237623
SYNTHETIC_0192,1001,3134,0,46,1,1,0,0,1.1490399056770042,3.056872462226414,0,112.23899990251107,98.83057297348833,17.35362702128954
SYNTHETIC_0193,1001,984,1,68,0,0,0,0,1.3685236322553929,3.607339927101833,0,140.82222072713583,109.47652812940424,29.570967148588814
SYNTHETIC_0194,1,4068,0,51,0,0,0,0,1.6495552968472365,3.194993500098567,1,137.22147979021221,84.71909649531139,25.175507841613904
SYNTHETIC_0195,1,2610,1,43,1,1,0,0,1.4287586401966372,3.844111380098078,1,127.17229889850131,98.8365022483778,29.639460327267106
SYNTHETIC_0196,1,2008,1,41,1,0,0,0,1.5242947845283588,2.7646396808935227,1,120.4005416261283,79.06152517688287,29.032043006799864
SYNTHETIC_0197,1,2765,0,60,0,0,1,0,1.2264547563013843,4.220505539321581,0,135.53470865080416,85.24916444002815,30.12337776350104
SYNTHETIC_0198,3001,2451,1,57,1,1,0,0,0.8143786418294988,2.9019945057771457,1,126.07852359685619,89.9069406291965,26.495963139826948
SYNTHETIC_0199,4,309,1,40,1,0,0,0,1.589665574546185,4.287603621118509,0,139.29681555564756,66.34286095232594,22.931269425830614
SYNTHETIC_0200,3001,3635,0,57,1,1,1,1,1.3981892654503874,4.582656302998281,0,88.77430976386458,72.0512106389609,30.681254568010694
SYNTHETIC_0201,1001,443,1,69,1,0,0,0,0.999760547250118,3.0656900818396715,0,101.02774978631948,83.10220733629109,27.286505449172903
SYNTHETIC_0202,3,1245,1,45,0,1,0,0,2.135872229913798,3.2310267368101897,1,118.70800552632872,60.9937156099288,30.219481321411614
SYNTHETIC_0203,1001,2174,1,61,0,0,0,1,1.5932522437000292,4.815735003806832,0,126.08301000319501,99.53613936381842,27.937364536551776
SYNTHETIC_0204,3,202,1,53,0,1,0,1,1.8598172071753123,4.283509141480552,1,148.27642710427648,123.07879054799778,25.839883569399166
SYNTHETIC_0205,1,3976,1,66,1,0,0,0,1.6459115509856996,3.047735786029398,1,119.89006713584796,100.00549321128315,32.30018707081559
SYNTHETIC_0206,3001,2688,1,59,0,0,0,0,1.521183457821214,3.4936971184509216,0,152.39988763269824,73.25466816984094,22.075580919682395
SYNTHETIC_0207,1,1902,1,59,0,1,0,0,1.6457561802992828,5.011916947714683,1,148.03231225944393,103.15358881488481,35.69700004963113
SYNTHETIC_0208,1,3325,1,60,0,1,0,0,0.8230214916495726,3.4348678408082223,1,143.18574373547096,79.65126691373843,30.738575979607802
SYNTHETIC_0209,1,4919,0,44,0,1,0,1,1.417118844780099,1.7373150812004647,0,115.07946813349658,100.4383624691204,27.07613660316175
SYNTHETIC_0210,4,4801,0,72,0,1,0,1,1.6785602330665554,2.6309956504041185,0,136.48381835388275,101.20390568041857,30.44334175942561
SYNTHETIC_0211,1001,144,1,69,0,1,0,0,1.6060816383615781,3.2687467910386565,0,89.23524532014775,86.09299300298963,25.43215632118309
SYNTHETIC_0212,4,1501,1,56,0,0,0,0,1.1988178074836047,3.4335906596841776,1,141.213717790728,93.09794915600821,32.47629829040565
SYNTHETIC_0213,1001,809,1,45,1,1,0,0,0.9454689926171737,2.7228472819432863,1,138.84758697498415,83.07052140676026,28.726930803345716
SYNTHETIC_0214,1001,650,1,70,0,1,0,0,1.5453598486670674,4.430204537317723,1,138.97923959188435,81.04545000424113,27.70092190099292
SYNTHETIC_0215,1,4091,1,62,1,1,0,1,1.4025780421318317,4.2706364744649195,0,137.68283261400347,88.82079719498819,27.258659707046323
SYNTHETIC_0216,1,670,1,50,1,1,0,1,1.3478758835513098,2.5559666671745997,0,124.67657622241613,81.41657075251861,27.96306396677345
SYNTHETIC_0217,1001,764,1,69,0,0,0,0,1.0544589159864493,2.547332049542713,0,129.5214627839345,97.14435110526703,25.95706339906167
SYNTHETIC_0218,3001,873,1,44,1,0,1,0,1.5067388902464165,3.193726118590684,1,130.59337703813634,98.31239429394815,27.571490566632
SYNTHETIC_0219,1,1634,1,67,0,1,0,0,0.9880012188721803,3.79682969107557,0,133.4594120519091,89.65523555057142,30.956383773470645
SYNTHETIC_0220,1,3810,1,64,0,1,0,0,1.5417854519029655,3.214592554369275,0,124.25416496282054,107.92409083026928,28.611552781061377
SYNTHETIC_0221,1,3166,1,69,0,1,0,1,1.1088902845907809,4.665264585357304,0,97.09226831054497,104.63427378612492,25.874548931651614
SYNTHETIC_0222,1,1454,1,51,0,1,0,0,1.5471713674333294,3.1917347068868738,0,127.90186366444736,91.15407516148028,21.423819331388046
SYNTHETIC_0223,3001,3298,0,62,0,0,0,0,1.5914010295647003,2.740562855446393,0,108.27393192814303,62.125415670795164,25.798977397082634
SYNTHETIC_0224,4,3560,1,74,0,1,0,0,1.6784439251307757,2.897035729307673,0,121.29068133768153,104.01042103186026,30.912193231108986
SYNTHETIC_0225,1,4271,1,71,1,0,0,0,1.4737586477424043,3.6237827835942187,0,133.82213739005346,95.64958810560087,30.761963560841785
SYNTHETIC_0226,1,2273,1,59,0,1,1,0,1.0800183958387861,4.504018668711481,1,131.66738686635756,79.95122246156973,28.962974804330198
SYNTHETIC_0227,1,1018,1,73,1,0,0,0,1.5158445393942248,6.004509779120707,1,133.29578838194746,98.41687788580771,28.125958276156148
SYNTHETIC_0228,1,2200,1,71,1,0,0,0,1.1800048955124995,4.3725782940856055,0,140.57196509329063,88.93136784664733,22.030889865214753
SYNTHETIC_0229,1,341,1,68,0,0,0,0,1.3983609809435853,3.485128986145303,1,124.86696932154983,80.35997061875533,26.227737766389023
SYNTHETIC_0230,1,2708,0,53,1,0,0,0,1.2451929713317822,4.369060571073336,0,111.69421027739091,76.99534905639246,25.77175666895564
SYNTHETIC_0231,1,2826,0,60,0,0,0,1,1.4507550196798968,3.5722644284803646,0,89.1262042473363,74.78174564787727,28.839967340917774
SYNTHETIC_0232,3,4136,1,52,1,0,1,0,1.6279667843617704,2.3386913625894037,0,141.98865365284078,75.66509917620161,29.674611040366678
SYNTHETIC_0233,1,1420,1,69,0,0,0,0,1.5925390955331609,4.058860505309263,1,141.83765420149825,95.74119541466908,28.334410636566712
SYNTHETIC_0234,1,2593,1,72,1,0,0,0,1.7199436133399828,3.8318218653795997,1,108.76199956355441,86.81879848736276,31.3776205088425
SYNTHETIC_0235,1,3364,1,49,0,0,0,0,0.8297676159429478,4.058861713727815,0,138.33793256220605,83.32604117367563,26.814265976100327
SYNTHETIC_0236,1,5160,0,60,1,0,0,1,1.3177545599433487,3.2610073699568147,1,98.53827251100611,88.68689429676222,27.409516164915395
SYNTHETIC_0237,1001,6022,0,59,0,0,0,0,1.9471267382273927,2.4969841478935537,0,132.0574152299635,76.95322933980742,31.786351194734934
SYNTHETIC_0238,4,4340,1,74,1,1,0,1,1.5607714583493026,3.2016475607005317,0,139.59380189196713,59.140262815329336,26.64626863006796
SYNTHETIC_0239,1001,5120,1,62,1,1,0,0,1.1580994520601284,2.1856503635854203,1,124.36814019485207,103.78882489329679,31.140325916827813
